Workbook

Sheet Geopolitical Risk Index
A1: Country | B1: Country Geopolitical Risk Index - 2024
A2: Albania | B2: 4.37
A3: Algeria | B3: 5.21
A4: Angola | B4: 5.63
A5: Argentina | B5: 4.36
A6: Armenia | B6: 4.79
A7: Australia | B7: 3.22
A8: Austria | B8: 3.41
A9: Azerbaijan | B9: 5.21
A10: Bahrain | B10: 4.26
A11: Bangladesh | B11: 6.29
A12: Belarus | B12: 5.45
A13: Belgium | B13: 3.33
... A148: Zimbabwe | B148: 6.14

Sheet HQ Country Risk Index
A1: Company Name | B1: HQ Country | C1: Country Geopolitical Risk Index | D1: HQ Country Risk - Component
A2: Apple | B2: United States | C2: =VLOOKUP(Tabella1[[#This Row],[HQ Country]],'Geopolitical Risk Index'!A$2:B$148,2,FALSE) -> 4.19 | D2: =Tabella1[[#This Row],[Country Geopolitical Risk Index]] -> 4.19
A3: Meta | B3: United States | C3: =VLOOKUP(Tabella1[[#This Row],[HQ Country]],'Geopolitical Risk Index'!A$2:B$148,2,FALSE) -> 4.19 | D3: =Tabella1[[#This Row],[Country Geopolitical Risk Index]] -> 4.19
A4: Microsoft | B4: United States | C4: =VLOOKUP(Tabella1[[#This Row],[HQ Country]],'Geopolitical Risk Index'!A$2:B$148,2,FALSE) -> 4.19 | D4: =Tabella1[[#This Row],[Country Geopolitical Risk Index]] -> 4.19
A5: Ford | B5: United States | C5: =VLOOKUP(Tabella1[[#This Row],[HQ Country]],'Geopolitical Risk Index'!A$2:B$148,2,FALSE) -> 4.19 | D5: =Tabella1[[#This Row],[Country Geopolitical Risk Index]] -> 4.19
A6: Procter & Gamble | B6: United States | C6: =VLOOKUP(Tabella1[[#This Row],[HQ Country]],'Geopolitical Risk Index'!A$2:B$148,2,FALSE) -> 4.19 | D6: =Tabella1[[#This Row],[Country Geopolitical Risk Index]] -> 4.19
A7: Samsung | B7: South Korea | C7: =VLOOKUP(Tabella1[[#This Row],[HQ Country]],'Geopolitical Risk Index'!A$2:B$148,2,FALSE) -> 3.57 | D7: =Tabella1[[#This Row],[Country Geopolitical Risk Index]] -> 3.57
A8: Amazon | B8: United States | C8: =VLOOKUP(Tabella1[[#This Row],[HQ Country]],'Geopolitical Risk Index'!A$2:B$148,2,FALSE) -> 4.19 | D8: =Tabella1[[#This Row],[Country Geopolitical Risk Index]] -> 4.19
A9: NVIDIA | B9: United States | C9: =VLOOKUP(Tabella1[[#This Row],[HQ Country]],'Geopolitical Risk Index'!A$2:B$148,2,FALSE) -> 4.19 | D9: =Tabella1[[#This Row],[Country Geopolitical Risk Index]] -> 4.19
A10: Allianz | B10: Germany | C10: =VLOOKUP(Tabella1[[#This Row],[HQ Country]],'Geopolitical Risk Index'!A$2:B$148,2,FALSE) -> 3.42 | D10: =Tabella1[[#This Row],[Country Geopolitical Risk Index]] -> 3.42
A11: L'Oreal | B11: France | C11: =VLOOKUP(Tabella1[[#This Row],[HQ Country]],'Geopolitical Risk Index'!A$2:B$148,2,FALSE) -> 3.65 | D11: =Tabella1[[#This Row],[Country Geopolitical Risk Index]] -> 3.65
A12: LVMH | B12: France | C12: =VLOOKUP(Tabella1[[#This Row],[HQ Country]],'Geopolitical Risk Index'!A$2:B$148,2,FALSE) -> 3.65 | D12: =Tabella1[[#This Row],[Country Geopolitical Risk Index]] -> 3.65
A13: Novo Nordisk | B13: Denmark | C13: =VLOOKUP(Tabella1[[#This Row],[HQ Country]],'Geopolitical Risk Index'!A$2:B$148,2,FALSE) -> 3.2 | D13: =Tabella1[[#This Row],[Country Geopolitical Risk Index]] -> 3.2
... A49: ExxonMobil | B49: United States | C49: =VLOOKUP(Tabella1[[#This Row],[HQ Country]],'Geopolitical Risk Index'!A$2:B$148,2,FALSE) -> 4.19 | D49: =Tabella1[[#This Row],[Country Geopolitical Risk Index]] -> 4.19
