Workbook

Sheet Supply Chain Exposure - Overall
A1: Company Name | B1: Component - Suppliers Distribution | C1: Component - Suppliers' Facilities Distribution | D1: Supply Chain Exposure - Intermediate Component | E1: HHI Index - Value | F1: HHI Index - Submultiplier | G1: Supply Chain Exposure - Final Component
A2: Allianz | B2: ='Country of Suppliers - Allianz'!$K$9 -> 3.8518984 | C2: ='Country of Suppliers - Allianz'!$P$9 -> 4.2183861 | D2: =0.5*Tabella26[[#This Row],[Component - Suppliers Distribution]]+0.5*Tabella26[[#This Row],[Component - Suppliers'' Facilities Distribution]] -> 4.0351423 | E2: 0.10469694 | F2: =IF(E2<0.15,0.9, IF(E2<0.25,1, IF(E2<0.4,1.1, IF(E2<0.6,1.25, 1.5)))) -> 0.9 | G2: =Tabella26[[#This Row],[Supply Chain Exposure - Intermediate Component]]*Tabella26[[#This Row],[HHI Index - Submultiplier]] -> 3.6316281
A3: Amazon | B3: ='Country of Suppliers - Amazon'!$K$9 -> 4.0410797 | C3: ='Country of Suppliers - Amazon'!$P$9 -> 4.1802635 | D3: =0.5*Tabella26[[#This Row],[Component - Suppliers Distribution]]+0.5*Tabella26[[#This Row],[Component - Suppliers'' Facilities Distribution]] -> 4.1106716 | E3: 0.18906949 | F3: =IF(E3<0.15,0.9, IF(E3<0.25,1, IF(E3<0.4,1.1, IF(E3<0.6,1.25, 1.5)))) -> 1 | G3: =Tabella26[[#This Row],[Supply Chain Exposure - Intermediate Component]]*Tabella26[[#This Row],[HHI Index - Submultiplier]] -> 4.1106716
A4: Apple | B4: ='Country of Suppliers - Apple'!$K$9 -> 3.9112072 | C4: ='Country of Suppliers - Apple'!$P$9 -> 4.0663788 | D4: =0.5*Tabella26[[#This Row],[Component - Suppliers Distribution]]+0.5*Tabella26[[#This Row],[Component - Suppliers'' Facilities Distribution]] -> 3.988793 | E4: 0.16029771 | F4: =IF(E4<0.15,0.9, IF(E4<0.25,1, IF(E4<0.4,1.1, IF(E4<0.6,1.25, 1.5)))) -> 1 | G4: =Tabella26[[#This Row],[Supply Chain Exposure - Intermediate Component]]*Tabella26[[#This Row],[HHI Index - Submultiplier]] -> 3.988793
A5: ASML | B5: ='Country of Suppliers - ASML'!$K$9 -> 3.920084 | C5: ='Country of Suppliers - ASML'!$P$9 -> 3.9489018 | D5: =0.5*Tabella26[[#This Row],[Component - Suppliers Distribution]]+0.5*Tabella26[[#This Row],[Component - Suppliers'' Facilities Distribution]] -> 3.9344929 | E5: 0.16600412 | F5: =IF(E5<0.15,0.9, IF(E5<0.25,1, IF(E5<0.4,1.1, IF(E5<0.6,1.25, 1.5)))) -> 1 | G5: =Tabella26[[#This Row],[Supply Chain Exposure - Intermediate Component]]*Tabella26[[#This Row],[HHI Index - Submultiplier]] -> 3.9344929
A6: BNP Paribas | B6: ='Country of Suppliers - BNP'!$K$9 -> 3.752411 | C6: ='Country of Suppliers - BNP'!$P$9 -> 4.1784399 | D6: =0.5*Tabella26[[#This Row],[Component - Suppliers Distribution]]+0.5*Tabella26[[#This Row],[Component - Suppliers'' Facilities Distribution]] -> 3.9654255 | E6: 0.11550054 | F6: =IF(E6<0.15,0.9, IF(E6<0.25,1, IF(E6<0.4,1.1, IF(E6<0.6,1.25, 1.5)))) -> 0.9 | G6: =Tabella26[[#This Row],[Supply Chain Exposure - Intermediate Component]]*Tabella26[[#This Row],[HHI Index - Submultiplier]] -> 3.5688829
A7: Eli Lilly | B7: ='Country of Suppliers - EliLilly'!$K$9 -> 3.9356946 | C7: ='Country of Suppliers - EliLilly'!$P$9 -> 4.0546902 | D7: =0.5*Tabella26[[#This Row],[Component - Suppliers Distribution]]+0.5*Tabella26[[#This Row],[Component - Suppliers'' Facilities Distribution]] -> 3.9951924 | E7: 0.2702636 | F7: =IF(E7<0.15,0.9, IF(E7<0.25,1, IF(E7<0.4,1.1, IF(E7<0.6,1.25, 1.5)))) -> 1.1 | G7: =Tabella26[[#This Row],[Supply Chain Exposure - Intermediate Component]]*Tabella26[[#This Row],[HHI Index - Submultiplier]] -> 4.3947116
A8: ENI | B8: ='Country of Suppliers - ENI'!$K$9 -> 3.9963828 | C8: ='Country of Suppliers - ENI'!$P$9 -> 4.0596892 | D8: =0.5*Tabella26[[#This Row],[Component - Suppliers Distribution]]+0.5*Tabella26[[#This Row],[Component - Suppliers'' Facilities Distribution]] -> 4.028036 | E8: 0.13054742 | F8: =IF(E8<0.15,0.9, IF(E8<0.25,1, IF(E8<0.4,1.1, IF(E8<0.6,1.25, 1.5)))) -> 0.9 | G8: =Tabella26[[#This Row],[Supply Chain Exposure - Intermediate Component]]*Tabella26[[#This Row],[HHI Index - Submultiplier]] -> 3.6252324
A9: Ford | B9: ='Country of Suppliers - Ford'!$K$9 -> 4.0222691 | C9: ='Country of Suppliers - Ford'!$P$9 -> 4.1259865 | D9: =0.5*Tabella26[[#This Row],[Component - Suppliers Distribution]]+0.5*Tabella26[[#This Row],[Component - Suppliers'' Facilities Distribution]] -> 4.0741278 | E9: 0.11981291 | F9: =IF(E9<0.15,0.9, IF(E9<0.25,1, IF(E9<0.4,1.1, IF(E9<0.6,1.25, 1.5)))) -> 0.9 | G9: =Tabella26[[#This Row],[Supply Chain Exposure - Intermediate Component]]*Tabella26[[#This Row],[HHI Index - Submultiplier]] -> 3.666715
A10: JP Morgan | B10: ='Country of Suppliers - JPMorgan'!$K$9 -> 3.9976963 | C10: ='Country of Suppliers - JPMorgan'!$P$9 -> 4.2375296 | D10: =0.5*Tabella26[[#This Row],[Component - Suppliers Distribution]]+0.5*Tabella26[[#This Row],[Component - Suppliers'' Facilities Distribution]] -> 4.117613 | E10: 0.23843659 | F10: =IF(E10<0.15,0.9, IF(E10<0.25,1, IF(E10<0.4,1.1, IF(E10<0.6,1.25, 1.5)))) -> 1 | G10: =Tabella26[[#This Row],[Supply Chain Exposure - Intermediate Component]]*Tabella26[[#This Row],[HHI Index - Submultiplier]] -> 4.117613
A11: L'Oreal | B11: ='Country of Suppliers - Oreal'!$K$9 -> 3.9195712 | C11: ='Country of Suppliers - Oreal'!$P$9 -> 4.0681062 | D11: =0.5*Tabella26[[#This Row],[Component - Suppliers Distribution]]+0.5*Tabella26[[#This Row],[Component - Suppliers'' Facilities Distribution]] -> 3.9938387 | E11: 0.14024297 | F11: =IF(E11<0.15,0.9, IF(E11<0.25,1, IF(E11<0.4,1.1, IF(E11<0.6,1.25, 1.5)))) -> 0.9 | G11: =Tabella26[[#This Row],[Supply Chain Exposure - Intermediate Component]]*Tabella26[[#This Row],[HHI Index - Submultiplier]] -> 3.5944548
A12: LVMH | B12: ='Country of Suppliers - LVMH'!$K$9 -> 3.8057601 | C12: ='Country of Suppliers - LVMH'!$P$9 -> 4.0393145 | D12: =0.5*Tabella26[[#This Row],[Component - Suppliers Distribution]]+0.5*Tabella26[[#This Row],[Component - Suppliers'' Facilities Distribution]] -> 3.9225373 | E12: 0.11369436 | F12: =IF(E12<0.15,0.9, IF(E12<0.25,1, IF(E12<0.4,1.1, IF(E12<0.6,1.25, 1.5)))) -> 0.9 | G12: =Tabella26[[#This Row],[Supply Chain Exposure - Intermediate Component]]*Tabella26[[#This Row],[HHI Index - Submultiplier]] -> 3.5302836
A13: Meta | B13: ='Country of Suppliers - Meta'!$K$9 -> 3.9636017 | C13: ='Country of Suppliers - Meta'!$P$9 -> 4.0689945 | D13: =0.5*Tabella26[[#This Row],[Component - Suppliers Distribution]]+0.5*Tabella26[[#This Row],[Component - Suppliers'' Facilities Distribution]] -> 4.0162981 | E13: 0.14675068 | F13: =IF(E13<0.15,0.9, IF(E13<0.25,1, IF(E13<0.4,1.1, IF(E13<0.6,1.25, 1.5)))) -> 0.9 | G13: =Tabella26[[#This Row],[Supply Chain Exposure - Intermediate Component]]*Tabella26[[#This Row],[HHI Index - Submultiplier]] -> 3.6146683
A14: Microsoft | B14: ='Country of Suppliers Microsoft'!$K$9 -> 3.965653 | C14: ='Country of Suppliers Microsoft'!$P$9 -> 4.156679 | D14: =0.5*Tabella26[[#This Row],[Component - Suppliers Distribution]]+0.5*Tabella26[[#This Row],[Component - Suppliers'' Facilities Distribution]] -> 4.061166 | E14: 0.15079362 | F14: =IF(E14<0.15,0.9, IF(E14<0.25,1, IF(E14<0.4,1.1, IF(E14<0.6,1.25, 1.5)))) -> 1 | G14: =Tabella26[[#This Row],[Supply Chain Exposure - Intermediate Component]]*Tabella26[[#This Row],[HHI Index - Submultiplier]] -> 4.061166
A15: Novo Nordisk | B15: ='Country of Suppliers - Nordisk'!$K$9 -> 3.7931161 | C15: ='Country of Suppliers - Nordisk'!$P$9 -> 4.0044573 | D15: =0.5*Tabella26[[#This Row],[Component - Suppliers Distribution]]+0.5*Tabella26[[#This Row],[Component - Suppliers'' Facilities Distribution]] -> 3.8987867 | E15: 0.14603327 | F15: =IF(E15<0.15,0.9, IF(E15<0.25,1, IF(E15<0.4,1.1, IF(E15<0.6,1.25, 1.5)))) -> 0.9 | G15: =Tabella26[[#This Row],[Supply Chain Exposure - Intermediate Component]]*Tabella26[[#This Row],[HHI Index - Submultiplier]] -> 3.508908
A16: NVIDIA | B16: ='Country of Suppliers - NVIDIA'!$K$9 -> 4.0426345 | C16: ='Country of Suppliers - NVIDIA'!$P$9 -> 4.099785 | D16: =0.5*Tabella26[[#This Row],[Component - Suppliers Distribution]]+0.5*Tabella26[[#This Row],[Component - Suppliers'' Facilities Distribution]] -> 4.0712098 | E16: 0.19643558 | F16: =IF(E16<0.15,0.9, IF(E16<0.25,1, IF(E16<0.4,1.1, IF(E16<0.6,1.25, 1.5)))) -> 1 | G16: =Tabella26[[#This Row],[Supply Chain Exposure - Intermediate Component]]*Tabella26[[#This Row],[HHI Index - Submultiplier]] -> 4.0712098
A17: Procter & Gamble | B17: ='Country of Suppliers - P&G'!$K$9 -> 4.068843 | C17: ='Country of Suppliers - P&G'!$P$9 -> 4.1888836 | D17: =0.5*Tabella26[[#This Row],[Component - Suppliers Distribution]]+0.5*Tabella26[[#This Row],[Component - Suppliers'' Facilities Distribution]] -> 4.1288633 | E17: 0.15053713 | F17: =IF(E17<0.15,0.9, IF(E17<0.25,1, IF(E17<0.4,1.1, IF(E17<0.6,1.25, 1.5)))) -> 1 | G17: =Tabella26[[#This Row],[Supply Chain Exposure - Intermediate Component]]*Tabella26[[#This Row],[HHI Index - Submultiplier]] -> 4.1288633
A18: Reliance Industries | B18: ='Country of Suppliers - Reliance'!$K$9 -> 4.7468175 | C18: ='Country of Suppliers - Reliance'!$P$9 -> 4.4696098 | D18: =0.5*Tabella26[[#This Row],[Component - Suppliers Distribution]]+0.5*Tabella26[[#This Row],[Component - Suppliers'' Facilities Distribution]] -> 4.6082136 | E18: 0.33973988 | F18: =IF(E18<0.15,0.9, IF(E18<0.25,1, IF(E18<0.4,1.1, IF(E18<0.6,1.25, 1.5)))) -> 1.1 | G18: =Tabella26[[#This Row],[Supply Chain Exposure - Intermediate Component]]*Tabella26[[#This Row],[HHI Index - Submultiplier]] -> 5.069035
A19: Samsung | B19: ='Country of Suppliers - Samsung'!$K$9 -> 3.8782523 | C19: ='Country of Suppliers - Samsung'!$P$9 -> 4.0275142 | D19: =0.5*Tabella26[[#This Row],[Component - Suppliers Distribution]]+0.5*Tabella26[[#This Row],[Component - Suppliers'' Facilities Distribution]] -> 3.9528832 | E19: 0.17652611 | F19: =IF(E19<0.15,0.9, IF(E19<0.25,1, IF(E19<0.4,1.1, IF(E19<0.6,1.25, 1.5)))) -> 1 | G19: =Tabella26[[#This Row],[Supply Chain Exposure - Intermediate Component]]*Tabella26[[#This Row],[HHI Index - Submultiplier]] -> 3.9528832
A20: SAP | B20: ='Country of Suppliers - SAP'!$K$9 -> 3.9442869 | C20: ='Country of Suppliers - SAP'!$P$9 -> 3.9114256 | D20: =0.5*Tabella26[[#This Row],[Component - Suppliers Distribution]]+0.5*Tabella26[[#This Row],[Component - Suppliers'' Facilities Distribution]] -> 3.9278562 | E20: 0.23272571 | F20: =IF(E20<0.15,0.9, IF(E20<0.25,1, IF(E20<0.4,1.1, IF(E20<0.6,1.25, 1.5)))) -> 1 | G20: =Tabella26[[#This Row],[Supply Chain Exposure - Intermediate Component]]*Tabella26[[#This Row],[HHI Index - Submultiplier]] -> 3.9278562
A21: Sony | B21: ='Country of Suppliers - Sony'!$K$9 -> 3.8594282 | C21: ='Country of Suppliers - Sony'!$P$9 -> 4.0276283 | D21: =0.5*Tabella26[[#This Row],[Component - Suppliers Distribution]]+0.5*Tabella26[[#This Row],[Component - Suppliers'' Facilities Distribution]] -> 3.9435283 | E21: 0.16019854 | F21: =IF(E21<0.15,0.9, IF(E21<0.25,1, IF(E21<0.4,1.1, IF(E21<0.6,1.25, 1.5)))) -> 1 | G21: =Tabella26[[#This Row],[Supply Chain Exposure - Intermediate Component]]*Tabella26[[#This Row],[HHI Index - Submultiplier]] -> 3.9435283
A22: Tencent | B22: ='Country of Suppliers - Tencent'!$K$9 -> 4.1219074 | C22: ='Country of Suppliers - Tencent'!$P$9 -> 4.1842032 | D22: =0.5*Tabella26[[#This Row],[Component - Suppliers Distribution]]+0.5*Tabella26[[#This Row],[Component - Suppliers'' Facilities Distribution]] -> 4.1530553 | E22: 0.4620186 | F22: =IF(E22<0.15,0.9, IF(E22<0.25,1, IF(E22<0.4,1.1, IF(E22<0.6,1.25, 1.5)))) -> 1.25 | G22: =Tabella26[[#This Row],[Supply Chain Exposure - Intermediate Component]]*Tabella26[[#This Row],[HHI Index - Submultiplier]] -> 5.1913192
A23: Total Energies | B23: ='Country of Suppliers - Total En'!$K$9 -> 4.0376206 | C23: ='Country of Suppliers - Total En'!$P$9 -> 4.0256848 | D23: =0.5*Tabella26[[#This Row],[Component - Suppliers Distribution]]+0.5*Tabella26[[#This Row],[Component - Suppliers'' Facilities Distribution]] -> 4.0316527 | E23: 0.093193661 | F23: =IF(E23<0.15,0.9, IF(E23<0.25,1, IF(E23<0.4,1.1, IF(E23<0.6,1.25, 1.5)))) -> 0.9 | G23: =Tabella26[[#This Row],[Supply Chain Exposure - Intermediate Component]]*Tabella26[[#This Row],[HHI Index - Submultiplier]] -> 3.6284874
A24: Toyota | B24: ='Country of Suppliers - Toyota'!$K$9 -> 3.9433374 | C24: ='Country of Suppliers - Toyota'!$P$9 -> 4.0721256 | D24: =0.5*Tabella26[[#This Row],[Component - Suppliers Distribution]]+0.5*Tabella26[[#This Row],[Component - Suppliers'' Facilities Distribution]] -> 4.0077315 | E24: 0.14344647 | F24: =IF(E24<0.15,0.9, IF(E24<0.25,1, IF(E24<0.4,1.1, IF(E24<0.6,1.25, 1.5)))) -> 0.9 | G24: =Tabella26[[#This Row],[Supply Chain Exposure - Intermediate Component]]*Tabella26[[#This Row],[HHI Index - Submultiplier]] -> 3.6069583
A25: TSMC | B25: ='Country of Suppliers - TSMC'!$K$9 -> 3.9315003 | C25: ='Country of Suppliers - TSMC'!$P$9 -> 3.9450118 | D25: =0.5*Tabella26[[#This Row],[Component - Suppliers Distribution]]+0.5*Tabella26[[#This Row],[Component - Suppliers'' Facilities Distribution]] -> 3.938256 | E25: 0.19222534 | F25: =IF(E25<0.15,0.9, IF(E25<0.25,1, IF(E25<0.4,1.1, IF(E25<0.6,1.25, 1.5)))) -> 1 | G25: =Tabella26[[#This Row],[Supply Chain Exposure - Intermediate Component]]*Tabella26[[#This Row],[HHI Index - Submultiplier]] -> 3.938256
A26: Volkswagen | B26: ='Country of Suppliers - VW'!$K$9 -> 4.0446343 | C26: ='Country of Suppliers - VW'!$P$9 -> 4.1522496 | D26: =0.5*Tabella26[[#This Row],[Component - Suppliers Distribution]]+0.5*Tabella26[[#This Row],[Component - Suppliers'' Facilities Distribution]] -> 4.0984419 | E26: 0.12974581 | F26: =IF(E26<0.15,0.9, IF(E26<0.25,1, IF(E26<0.4,1.1, IF(E26<0.6,1.25, 1.5)))) -> 0.9 | G26: =Tabella26[[#This Row],[Supply Chain Exposure - Intermediate Component]]*Tabella26[[#This Row],[HHI Index - Submultiplier]] -> 3.6885977

Sheet HHI Index - Submultiplier
A1: Company Name | B1: HHI Index - Suppliers Distribution | C1: HHI Index - Suppliers' Facilities Distribution | D1: HHI Index - Value | E1: HHI Index - Submultiplier
A2: Allianz | B2: =SUMPRODUCT('Country of Suppliers - Allianz'!$D$4:$D$150,'Country of Suppliers - Allianz'!$D$4:$D$150) -> 0.12621524 | C2: =SUMPRODUCT('Country of Suppliers - Allianz'!$F$4:$F$150,'Country of Suppliers - Allianz'!$F$4:$F$150) -> 0.083178644 | D2: =0.5*B2+0.5*C2 -> 0.10469694 | E2: =IF(D2<0.15,0.9, IF(D2<0.25,1, IF(D2<0.4,1.1, IF(D2<0.6,1.25, 1.5)))) -> 0.9
A3: Amazon | B3: =SUMPRODUCT('Country of Suppliers - Amazon'!$D$4:$D$150,'Country of Suppliers - Amazon'!$D$4:$D$150) -> 0.20745614 | C3: =SUMPRODUCT('Country of Suppliers - Amazon'!$F$4:$F$150,'Country of Suppliers - Amazon'!$F$4:$F$150) -> 0.17068284 | D3: =0.5*B3+0.5*C3 -> 0.18906949 | E3: =IF(D3<0.15,0.9, IF(D3<0.25,1, IF(D3<0.4,1.1, IF(D3<0.6,1.25, 1.5)))) -> 1
A4: Apple | B4: =SUMPRODUCT('Country of Suppliers - Apple'!$D$4:$D$150,'Country of Suppliers - Apple'!$D$4:$D$150) -> 0.20018978 | C4: =SUMPRODUCT('Country of Suppliers - Apple'!$F$4:$F$150,'Country of Suppliers - Apple'!$F$4:$F$150) -> 0.12040564 | D4: =0.5*B4+0.5*C4 -> 0.16029771 | E4: =IF(D4<0.15,0.9, IF(D4<0.25,1, IF(D4<0.4,1.1, IF(D4<0.6,1.25, 1.5)))) -> 1
A5: ASML | B5: =SUMPRODUCT('Country of Suppliers - ASML'!$D$4:$D$150,'Country of Suppliers - ASML'!$D$4:$D$150) -> 0.21636386 | C5: =SUMPRODUCT('Country of Suppliers - ASML'!$F$4:$F$150,'Country of Suppliers - ASML'!$F$4:$F$150) -> 0.11564437 | D5: =0.5*B5+0.5*C5 -> 0.16600412 | E5: =IF(D5<0.15,0.9, IF(D5<0.25,1, IF(D5<0.4,1.1, IF(D5<0.6,1.25, 1.5)))) -> 1
A6: BNP Paribas | B6: =SUMPRODUCT('Country of Suppliers - BNP'!$D$4:$D$150,'Country of Suppliers - BNP'!$D$4:$D$150) -> 0.12358652 | C6: =SUMPRODUCT('Country of Suppliers - BNP'!$F$4:$F$150,'Country of Suppliers - BNP'!$F$4:$F$150) -> 0.10741455 | D6: =0.5*B6+0.5*C6 -> 0.11550054 | E6: =IF(D6<0.15,0.9, IF(D6<0.25,1, IF(D6<0.4,1.1, IF(D6<0.6,1.25, 1.5)))) -> 0.9
A7: Eli Lilly | B7: =SUMPRODUCT('Country of Suppliers - EliLilly'!$D$4:$D$150,'Country of Suppliers - EliLilly'!$D$4:$D$150) -> 0.29147778 | C7: =SUMPRODUCT('Country of Suppliers - EliLilly'!$F$4:$F$150,'Country of Suppliers - EliLilly'!$F$4:$F$150) -> 0.24904943 | D7: =0.5*B7+0.5*C7 -> 0.2702636 | E7: =IF(D7<0.15,0.9, IF(D7<0.25,1, IF(D7<0.4,1.1, IF(D7<0.6,1.25, 1.5)))) -> 1.1
A8: ENI | B8: =SUMPRODUCT('Country of Suppliers - ENI'!$D$4:$D$150,'Country of Suppliers - ENI'!$D$4:$D$150) -> 0.1012574 | C8: =SUMPRODUCT('Country of Suppliers - ENI'!$F$4:$F$150,'Country of Suppliers - ENI'!$F$4:$F$150) -> 0.15983744 | D8: =0.5*B8+0.5*C8 -> 0.13054742 | E8: =IF(D8<0.15,0.9, IF(D8<0.25,1, IF(D8<0.4,1.1, IF(D8<0.6,1.25, 1.5)))) -> 0.9
A9: Ford | B9: =SUMPRODUCT('Country of Suppliers - Ford'!$D$4:$D$150,'Country of Suppliers - Ford'!$D$4:$D$150) -> 0.14357264 | C9: =SUMPRODUCT('Country of Suppliers - Ford'!$F$4:$F$150,'Country of Suppliers - Ford'!$F$4:$F$150) -> 0.096053183 | D9: =0.5*B9+0.5*C9 -> 0.11981291 | E9: =IF(D9<0.15,0.9, IF(D9<0.25,1, IF(D9<0.4,1.1, IF(D9<0.6,1.25, 1.5)))) -> 0.9
A10: JP Morgan | B10: =SUMPRODUCT('Country of Suppliers - JPMorgan'!$D$4:$D$150,'Country of Suppliers - JPMorgan'!$D$4:$D$150) -> 0.34613045 | C10: =SUMPRODUCT('Country of Suppliers - JPMorgan'!$F$4:$F$150,'Country of Suppliers - JPMorgan'!$F$4:$F$150) -> 0.13074272 | D10: =0.5*B10+0.5*C10 -> 0.23843659 | E10: =IF(D10<0.15,0.9, IF(D10<0.25,1, IF(D10<0.4,1.1, IF(D10<0.6,1.25, 1.5)))) -> 1
A11: L'Oreal | B11: =SUMPRODUCT('Country of Suppliers - Oreal'!$D$4:$D$150,'Country of Suppliers - Oreal'!$D$4:$D$150) -> 0.13167185 | C11: =SUMPRODUCT('Country of Suppliers - Oreal'!$F$4:$F$150,'Country of Suppliers - Oreal'!$F$4:$F$150) -> 0.14881409 | D11: =0.5*B11+0.5*C11 -> 0.14024297 | E11: =IF(D11<0.15,0.9, IF(D11<0.25,1, IF(D11<0.4,1.1, IF(D11<0.6,1.25, 1.5)))) -> 0.9
A12: LVMH | B12: =SUMPRODUCT('Country of Suppliers - LVMH'!$D$4:$D$150,'Country of Suppliers - LVMH'!$D$4:$D$150) -> 0.12568753 | C12: =SUMPRODUCT('Country of Suppliers - LVMH'!$F$4:$F$150,'Country of Suppliers - LVMH'!$F$4:$F$150) -> 0.10170119 | D12: =0.5*B12+0.5*C12 -> 0.11369436 | E12: =IF(D12<0.15,0.9, IF(D12<0.25,1, IF(D12<0.4,1.1, IF(D12<0.6,1.25, 1.5)))) -> 0.9
A13: Meta | B13: =SUMPRODUCT('Country of Suppliers - Meta'!$D$4:$D$150,'Country of Suppliers - Meta'!$D$4:$D$150) -> 0.18838392 | C13: =SUMPRODUCT('Country of Suppliers - Meta'!$F$4:$F$150,'Country of Suppliers - Meta'!$F$4:$F$150) -> 0.10511744 | D13: =0.5*B13+0.5*C13 -> 0.14675068 | E13: =IF(D13<0.15,0.9, IF(D13<0.25,1, IF(D13<0.4,1.1, IF(D13<0.6,1.25, 1.5)))) -> 0.9
A14: Microsoft | B14: =SUMPRODUCT('Country of Suppliers Microsoft'!$D$4:$D$150,'Country of Suppliers Microsoft'!$D$4:$D$150) -> 0.19752879 | C14: =SUMPRODUCT('Country of Suppliers Microsoft'!$F$4:$F$150,'Country of Suppliers Microsoft'!$F$4:$F$150) -> 0.10405845 | D14: =0.5*B14+0.5*C14 -> 0.15079362 | E14: =IF(D14<0.15,0.9, IF(D14<0.25,1, IF(D14<0.4,1.1, IF(D14<0.6,1.25, 1.5)))) -> 1
A15: Novo Nordisk | B15: =SUMPRODUCT('Country of Suppliers - Nordisk'!$D$4:$D$150,'Country of Suppliers - Nordisk'!$D$4:$D$150) -> 0.22130014 | C15: =SUMPRODUCT('Country of Suppliers - Nordisk'!$F$4:$F$150,'Country of Suppliers - Nordisk'!$F$4:$F$150) -> 0.070766399 | D15: =0.5*B15+0.5*C15 -> 0.14603327 | E15: =IF(D15<0.15,0.9, IF(D15<0.25,1, IF(D15<0.4,1.1, IF(D15<0.6,1.25, 1.5)))) -> 0.9
A16: NVIDIA | B16: =SUMPRODUCT('Country of Suppliers - NVIDIA'!$D$4:$D$150,'Country of Suppliers - NVIDIA'!$D$4:$D$150) -> 0.26814147 | C16: =SUMPRODUCT('Country of Suppliers - NVIDIA'!$F$4:$F$150,'Country of Suppliers - NVIDIA'!$F$4:$F$150) -> 0.1247297 | D16: =0.5*B16+0.5*C16 -> 0.19643558 | E16: =IF(D16<0.15,0.9, IF(D16<0.25,1, IF(D16<0.4,1.1, IF(D16<0.6,1.25, 1.5)))) -> 1
A17: Procter & Gamble | B17: =SUMPRODUCT('Country of Suppliers - P&G'!$D$4:$D$150,'Country of Suppliers - P&G'!$D$4:$D$150) -> 0.15596612 | C17: =SUMPRODUCT('Country of Suppliers - P&G'!$F$4:$F$150,'Country of Suppliers - P&G'!$F$4:$F$150) -> 0.14510814 | D17: =0.5*B17+0.5*C17 -> 0.15053713 | E17: =IF(D17<0.15,0.9, IF(D17<0.25,1, IF(D17<0.4,1.1, IF(D17<0.6,1.25, 1.5)))) -> 1
A18: Reliance Industries | B18: =SUMPRODUCT('Country of Suppliers - Reliance'!$D$4:$D$150,'Country of Suppliers - Reliance'!$D$4:$D$150) -> 0.49937949 | C18: =SUMPRODUCT('Country of Suppliers - Reliance'!$F$4:$F$150,'Country of Suppliers - Reliance'!$F$4:$F$150) -> 0.18010028 | D18: =0.5*B18+0.5*C18 -> 0.33973988 | E18: =IF(D18<0.15,0.9, IF(D18<0.25,1, IF(D18<0.4,1.1, IF(D18<0.6,1.25, 1.5)))) -> 1.1
A19: Samsung | B19: =SUMPRODUCT('Country of Suppliers - Samsung'!$D$4:$D$150,'Country of Suppliers - Samsung'!$D$4:$D$150) -> 0.24571544 | C19: =SUMPRODUCT('Country of Suppliers - Samsung'!$F$4:$F$150,'Country of Suppliers - Samsung'!$F$4:$F$150) -> 0.10733678 | D19: =0.5*B19+0.5*C19 -> 0.17652611 | E19: =IF(D19<0.15,0.9, IF(D19<0.25,1, IF(D19<0.4,1.1, IF(D19<0.6,1.25, 1.5)))) -> 1
A20: SAP | B20: =SUMPRODUCT('Country of Suppliers - SAP'!$D$4:$D$150,'Country of Suppliers - SAP'!$D$4:$D$150) -> 0.25490393 | C20: =SUMPRODUCT('Country of Suppliers - SAP'!$F$4:$F$150,'Country of Suppliers - SAP'!$F$4:$F$150) -> 0.21054749 | D20: =0.5*B20+0.5*C20 -> 0.23272571 | E20: =IF(D20<0.15,0.9, IF(D20<0.25,1, IF(D20<0.4,1.1, IF(D20<0.6,1.25, 1.5)))) -> 1
A21: Sony | B21: =SUMPRODUCT('Country of Suppliers - Sony'!$D$4:$D$150,'Country of Suppliers - Sony'!$D$4:$D$150) -> 0.18135067 | C21: =SUMPRODUCT('Country of Suppliers - Sony'!$F$4:$F$150,'Country of Suppliers - Sony'!$F$4:$F$150) -> 0.13904642 | D21: =0.5*B21+0.5*C21 -> 0.16019854 | E21: =IF(D21<0.15,0.9, IF(D21<0.25,1, IF(D21<0.4,1.1, IF(D21<0.6,1.25, 1.5)))) -> 1
A22: Tencent | B22: =SUMPRODUCT('Country of Suppliers - Tencent'!$D$4:$D$150,'Country of Suppliers - Tencent'!$D$4:$D$150) -> 0.55148999 | C22: =SUMPRODUCT('Country of Suppliers - Tencent'!$F$4:$F$150,'Country of Suppliers - Tencent'!$F$4:$F$150) -> 0.3725472 | D22: =0.5*B22+0.5*C22 -> 0.4620186 | E22: =IF(D22<0.15,0.9, IF(D22<0.25,1, IF(D22<0.4,1.1, IF(D22<0.6,1.25, 1.5)))) -> 1.25
A23: Total Energies | B23: =SUMPRODUCT('Country of Suppliers - Total En'!$D$4:$D$150,'Country of Suppliers - Total En'!$D$4:$D$150) -> 0.08242483 | C23: =SUMPRODUCT('Country of Suppliers - Total En'!$F$4:$F$150,'Country of Suppliers - Total En'!$F$4:$F$150) -> 0.10396249 | D23: =0.5*B23+0.5*C23 -> 0.093193661 | E23: =IF(D23<0.15,0.9, IF(D23<0.25,1, IF(D23<0.4,1.1, IF(D23<0.6,1.25, 1.5)))) -> 0.9
A24: Toyota | B24: =SUMPRODUCT('Country of Suppliers - Toyota'!$D$4:$D$150,'Country of Suppliers - Toyota'!$D$4:$D$150) -> 0.18357072 | C24: =SUMPRODUCT('Country of Suppliers - Toyota'!$F$4:$F$150,'Country of Suppliers - Toyota'!$F$4:$F$150) -> 0.10332222 | D24: =0.5*B24+0.5*C24 -> 0.14344647 | E24: =IF(D24<0.15,0.9, IF(D24<0.25,1, IF(D24<0.4,1.1, IF(D24<0.6,1.25, 1.5)))) -> 0.9
A25: TSMC | B25: =SUMPRODUCT('Country of Suppliers - TSMC'!$D$4:$D$150,'Country of Suppliers - TSMC'!$D$4:$D$150) -> 0.28573544 | C25: =SUMPRODUCT('Country of Suppliers - TSMC'!$F$4:$F$150,'Country of Suppliers - TSMC'!$F$4:$F$150) -> 0.098715233 | D25: =0.5*B25+0.5*C25 -> 0.19222534 | E25: =IF(D25<0.15,0.9, IF(D25<0.25,1, IF(D25<0.4,1.1, IF(D25<0.6,1.25, 1.5)))) -> 1
A26: Volkswagen | B26: =SUMPRODUCT('Country of Suppliers - VW'!$D$4:$D$150,'Country of Suppliers - VW'!$D$4:$D$150) -> 0.16624811 | C26: =SUMPRODUCT('Country of Suppliers - VW'!$F$4:$F$150,'Country of Suppliers - VW'!$F$4:$F$150) -> 0.093243509 | D26: =0.5*B26+0.5*C26 -> 0.12974581 | E26: =IF(D26<0.15,0.9, IF(D26<0.25,1, IF(D26<0.4,1.1, IF(D26<0.6,1.25, 1.5)))) -> 0.9

Sheet Country of Suppliers - Apple
A1: Apple Inc.
A3: Country of Supplier | B3: Country Geopolitical Risk Index | C3: Percentage of Suppliers - Raw | D3: Percentage of Suppliers - Standardized | E3: Percentage of Supplier's Facilities - Raw | F3: Percentage of Supplier's Facilities - Standardize
A4: Albania | B4: 4.3705708 | C4: 0 | D4: =Tabella1[[#This Row],[Percentage of Suppliers - Raw]]/$C$151 -> 0 | E4: 0.0001 | F4: =Tabella1[[#This Row],[Percentage of Supplier''s Facilities - Raw]]/$E$151 -> 0.00010091836
A5: Algeria | B5: 5.2136193 | C5: 0 | D5: =Tabella1[[#This Row],[Percentage of Suppliers - Raw]]/$C$151 -> 0 | E5: 0.0004 | F5: =Tabella1[[#This Row],[Percentage of Supplier''s Facilities - Raw]]/$E$151 -> 0.00040367343 | H5: Main Data | M5: Main Data
A6: Angola | B6: 5.6305966 | C6: 0 | D6: =Tabella1[[#This Row],[Percentage of Suppliers - Raw]]/$C$151 -> 0 | E6: 0.0005 | F6: =Tabella1[[#This Row],[Percentage of Supplier''s Facilities - Raw]]/$E$151 -> 0.00050459179 | I6: Country | J6: Geopolitical Risk Index | K6: Value | N6: Country | O6: Geopolitical Risk Index | P6: Value
A7: Argentina | B7: 4.3620978 | C7: 0 | D7: =Tabella1[[#This Row],[Percentage of Suppliers - Raw]]/$C$151 -> 0 | E7: 0.0026 | F7: =Tabella1[[#This Row],[Percentage of Supplier''s Facilities - Raw]]/$E$151 -> 0.0026238773 | H7: Minimum | I7: =INDEX(A4:A150,MATCH(MIN(D4:D150),D4:D150,0)) -> Albania | J7: =INDEX(B4:B150,MATCH(MIN(D4:D150),D4:D150,0)) -> 4.3705708 | K7: =INDEX(D4:D150,MATCH(MIN(D4:D150),D4:D150,0)) -> 0 | M7: Minimum | N7: =INDEX(A4:A150,MATCH(MIN(F4:F150),F4:F150,0)) -> Bahrain | O7: =INDEX(B4:B150,MATCH(MIN(F4:F150),F4:F150,0)) -> 4.2572307 | P7: =INDEX(F4:F150,MATCH(MIN(F4:F150),F4:F150,0)) -> 0
A8: Armenia | B8: 4.7882033 | C8: 0 | D8: =Tabella1[[#This Row],[Percentage of Suppliers - Raw]]/$C$151 -> 0 | E8: 0.0001 | F8: =Tabella1[[#This Row],[Percentage of Supplier''s Facilities - Raw]]/$E$151 -> 0.00010091836 | H8: Maximum | I8: =INDEX(A4:A150,MATCH(MAX(D4:D150),D4:D150,0)) -> China | J8: =INDEX(B4:B150,MATCH(MAX(D4:D150),D4:D150,0)) -> 4.2558828 | K8: =INDEX(D4:D150,MATCH(MAX(D4:D150),D4:D150,0)) -> 0.33131081 | M8: Maximum | N8: =INDEX(A4:A150,MATCH(MAX(F4:F150),F4:F150,0)) -> China | O8: =INDEX(B4:B150,MATCH(MAX(F4:F150),F4:F150,0)) -> 4.2558828 | P8: =INDEX(F4:F150,MATCH(MAX(F4:F150),F4:F150,0)) -> 0.2248461
A9: Australia | B9: 3.2228923 | C9: 0.01 | D9: =Tabella1[[#This Row],[Percentage of Suppliers - Raw]]/$C$151 -> 0.010461345 | E9: 0.0103 | F9: =Tabella1[[#This Row],[Percentage of Supplier''s Facilities - Raw]]/$E$151 -> 0.010394591 | H9: Component - Suppliers | K9: =SUMPRODUCT(B4:B150,D4:D150) -> 3.9112072 | M9: Component - Suppliers' Facilities | P9: =SUMPRODUCT(B4:B150,F4:F150) -> 4.0663788
A10: Austria | B10: 3.4101851 | C10: 0 | D10: =Tabella1[[#This Row],[Percentage of Suppliers - Raw]]/$C$151 -> 0 | E10: 0.0037 | F10: =Tabella1[[#This Row],[Percentage of Supplier''s Facilities - Raw]]/$E$151 -> 0.0037339792
A11: Azerbaijan | B11: 5.2109259 | C11: 0 | D11: =Tabella1[[#This Row],[Percentage of Suppliers - Raw]]/$C$151 -> 0 | E11: 0.0001 | F11: =Tabella1[[#This Row],[Percentage of Supplier''s Facilities - Raw]]/$E$151 -> 0.00010091836
A12: Bahrain | B12: 4.2572307 | C12: 0 | D12: =Tabella1[[#This Row],[Percentage of Suppliers - Raw]]/$C$151 -> 0 | E12: 0 | F12: =Tabella1[[#This Row],[Percentage of Supplier''s Facilities - Raw]]/$E$151 -> 0
A13: Bangladesh | B13: 6.2938646 | C13: 0 | D13: =Tabella1[[#This Row],[Percentage of Suppliers - Raw]]/$C$151 -> 0 | E13: 0 | F13: =Tabella1[[#This Row],[Percentage of Supplier''s Facilities - Raw]]/$E$151 -> 0
A14: Belarus | B14: 5.4470392 | C14: 0 | D14: =Tabella1[[#This Row],[Percentage of Suppliers - Raw]]/$C$151 -> 0 | E14: 0.0006 | F14: =Tabella1[[#This Row],[Percentage of Supplier''s Facilities - Raw]]/$E$151 -> 0.00060551014
A15: Belgium | B15: 3.3272157 | C15: 0 | D15: =Tabella1[[#This Row],[Percentage of Suppliers - Raw]]/$C$151 -> 0 | E15: 0.0054 | F15: =Tabella1[[#This Row],[Percentage of Supplier''s Facilities - Raw]]/$E$151 -> 0.0054495913
A16: Benin | B16: 5.9976204 | C16: 0 | D16: =Tabella1[[#This Row],[Percentage of Suppliers - Raw]]/$C$151 -> 0 | E16: 0.0001 | F16: =Tabella1[[#This Row],[Percentage of Supplier''s Facilities - Raw]]/$E$151 -> 0.00010091836
A17: Bhutan | B17: 5.0248646 | C17: 0 | D17: =Tabella1[[#This Row],[Percentage of Suppliers - Raw]]/$C$151 -> 0 | E17: 0 | F17: =Tabella1[[#This Row],[Percentage of Supplier''s Facilities - Raw]]/$E$151 -> 0
A18: Bolivia | B18: 5.4119735 | C18: 0 | D18: =Tabella1[[#This Row],[Percentage of Suppliers - Raw]]/$C$151 -> 0 | E18: 0 | F18: =Tabella1[[#This Row],[Percentage of Supplier''s Facilities - Raw]]/$E$151 -> 0
A19: Bosnia and Herzegovina | B19: 5.3424605 | C19: 0 | D19: =Tabella1[[#This Row],[Percentage of Suppliers - Raw]]/$C$151 -> 0 | E19: 0.0001 | F19: =Tabella1[[#This Row],[Percentage of Supplier''s Facilities - Raw]]/$E$151 -> 0.00010091836
A20: Botswana | B20: 4.3392269 | C20: 0 | D20: =Tabella1[[#This Row],[Percentage of Suppliers - Raw]]/$C$151 -> 0 | E20: 0.0001 | F20: =Tabella1[[#This Row],[Percentage of Supplier''s Facilities - Raw]]/$E$151 -> 0.00010091836
A21: Brazil | B21: 5.352888 | C21: 0 | D21: =Tabella1[[#This Row],[Percentage of Suppliers - Raw]]/$C$151 -> 0 | E21: 0.0141 | F21: =Tabella1[[#This Row],[Percentage of Supplier''s Facilities - Raw]]/$E$151 -> 0.014229488
... A30: Chile | B30: 4.3579263 | C30: 0 | D30: =Tabella1[[#This Row],[Percentage of Suppliers - Raw]]/$C$151 -> 0 | E30: 0.0015 | F30: =Tabella1[[#This Row],[Percentage of Supplier''s Facilities - Raw]]/$E$151 -> 0.0015137754
A31: China | B31: 4.2558828 | C31: =19.4% + 12.27% -> 0.3167 | D31: =Tabella1[[#This Row],[Percentage of Suppliers - Raw]]/$C$151 -> 0.33131081 | E31: 0.2228 | F31: =Tabella1[[#This Row],[Percentage of Supplier''s Facilities - Raw]]/$E$151 -> 0.2248461 | G31: Includes Taiwan
A32: Colombia | B32: 5.724794 | C32: 0 | D32: =Tabella1[[#This Row],[Percentage of Suppliers - Raw]]/$C$151 -> 0 | E32: 0.0011 | F32: =Tabella1[[#This Row],[Percentage of Supplier''s Facilities - Raw]]/$E$151 -> 0.0011101019
A33: Congo, Rep. | B33: 5.6489161 | C33: 0 | D33: =Tabella1[[#This Row],[Percentage of Suppliers - Raw]]/$C$151 -> 0 | E33: 0.0001 | F33: =Tabella1[[#This Row],[Percentage of Supplier''s Facilities - Raw]]/$E$151 -> 0.00010091836
A34: Costa Rica | B34: 4.2297468 | C34: 0 | D34: =Tabella1[[#This Row],[Percentage of Suppliers - Raw]]/$C$151 -> 0 | E34: 0.001 | F34: =Tabella1[[#This Row],[Percentage of Supplier''s Facilities - Raw]]/$E$151 -> 0.0010091836
A35: Cote d'Ivoire | B35: 5.5958392 | C35: 0 | D35: =Tabella1[[#This Row],[Percentage of Suppliers - Raw]]/$C$151 -> 0 | E35: 0.0001 | F35: =Tabella1[[#This Row],[Percentage of Supplier''s Facilities - Raw]]/$E$151 -> 0.00010091836
A36: Croatia | B36: 4.2818307 | C36: 0 | D36: =Tabella1[[#This Row],[Percentage of Suppliers - Raw]]/$C$151 -> 0 | E36: 0.001 | F36: =Tabella1[[#This Row],[Percentage of Supplier''s Facilities - Raw]]/$E$151 -> 0.0010091836
A37: Cyprus | B37: 4.6657023 | C37: 0 | D37: =Tabella1[[#This Row],[Percentage of Suppliers - Raw]]/$C$151 -> 0 | E37: 0 | F37: =Tabella1[[#This Row],[Percentage of Supplier''s Facilities - Raw]]/$E$151 -> 0
A38: Czech Republic | B38: 3.748497 | C38: 0 | D38: =Tabella1[[#This Row],[Percentage of Suppliers - Raw]]/$C$151 -> 0 | E38: 0.0063 | F38: =Tabella1[[#This Row],[Percentage of Supplier''s Facilities - Raw]]/$E$151 -> 0.0063578565
A39: Denmark | B39: 3.1990776 | C39: 0.0014 | D39: =Tabella1[[#This Row],[Percentage of Suppliers - Raw]]/$C$151 -> 0.0014645883 | E39: 0.0029 | F39: =Tabella1[[#This Row],[Percentage of Supplier''s Facilities - Raw]]/$E$151 -> 0.0029266324
A40: Djibouti | B40: 5.9780559 | C40: 0 | D40: =Tabella1[[#This Row],[Percentage of Suppliers - Raw]]/$C$151 -> 0 | E40: 0 | F40: =Tabella1[[#This Row],[Percentage of Supplier''s Facilities - Raw]]/$E$151 -> 0
A41: Dominican Republic | B41: 4.6951386 | C41: 0 | D41: =Tabella1[[#This Row],[Percentage of Suppliers - Raw]]/$C$151 -> 0 | E41: 0.0009 | F41: =Tabella1[[#This Row],[Percentage of Supplier''s Facilities - Raw]]/$E$151 -> 0.00090826521
A42: Ecuador | B42: 5.7086244 | C42: 0 | D42: =Tabella1[[#This Row],[Percentage of Suppliers - Raw]]/$C$151 -> 0 | E42: 0.0001 | F42: =Tabella1[[#This Row],[Percentage of Supplier''s Facilities - Raw]]/$E$151 -> 0.00010091836
A43: Egypt | B43: 5.6039767 | C43: 0 | D43: =Tabella1[[#This Row],[Percentage of Suppliers - Raw]]/$C$151 -> 0 | E43: 0.0015 | F43: =Tabella1[[#This Row],[Percentage of Supplier''s Facilities - Raw]]/$E$151 -> 0.0015137754
... A150: Zimbabwe | B150: 6.1447845 | C150: 0 | D150: =Tabella1[[#This Row],[Percentage of Suppliers - Raw]]/$C$151 -> 0 | E150: 0.0001 | F150: =Tabella1[[#This Row],[Percentage of Supplier''s Facilities - Raw]]/$E$151 -> 0.00010091836
A151: TOTAL | B151: =0.25*INDEX('[1]Political Risk Index'!$B$2:$Q$171,MATCH($A151,'[1]Political Risk Index'!$A$2:$A$171,0),MATCH(B$1,'[1]Political Risk Index'!$B$1:$Q$1,0))+0.15*INDEX('[1]Govt Interference Index'!$B$2:$O$153,MATCH($A151,'[1]Govt Interference Index'!$A$2:$A$153,0),MATCH(B$1,'[1]Govt Interference Index'!$B$1:$O$1,0))+0.1*INDEX('[1]Globalization Index'!$B$2:$Q$217,MATCH($A151,'[1]Globalization Index'!$A$2:$A$217,0),MATCH(B$1,'[1]Globalization Index'!$B$1:$Q$1,0))+0.3*INDEX('[1]Conflict & Unrest Index'!$B$2:$R$161,MATCH($A151,'[1]Conflict & Unrest Index'!$A$2:$A$161,0),MATCH(B$1,'[1]Conflict & Unrest Index'!$B$1:$R$1,0))+0.1*INDEX('[1]Geographical Risk Index'!$B$2:$O$168,MATCH($A151,'[1]Geographical Risk Index'!$A$2:$A$168,0),MATCH(B$1,'[1]Geographical Risk Index'!$B$1:$O$1,0))+0.1*INDEX('[1]Geoeconomic Dependency Index'!$B$2:$S$253,MATCH($A151,'[1]Geoeconomic Dependency Index'!$A$2:$A$253,0),MATCH(B$1,'[1]Geoeconomic Dependency Index'!$B$1:$S$1,0)) -> #N/A | C151: =SUM(C4:C150) -> 0.9559 | D151: =Tabella1[[#This Row],[Percentage of Suppliers - Raw]]/$C$151 -> 1 | E151: =SUM(E4:E150) -> 0.9909 | F151: =SUM(F4:F150) -> 1

Sheet Country of Suppliers - Sony
A1: Sony
A3: Country of Supplier | B3: Country Geopolitical Risk Index | C3: Percentage of Suppliers - Raw | D3: Percentage of Suppliers - Standardized | E3: Percentage of Supplier's Facilities - Raw | F3: Percentage of Supplier's Facilities - Standardized
A4: Albania | B4: 4.3705708 | C4: 0 | D4: =Tabella13[[#This Row],[Percentage of Suppliers - Raw]]/$C$151 -> 0 | E4: 0 | F4: =Tabella13[[#This Row],[Percentage of Supplier''s Facilities - Raw]]/$E$151 -> 0
A5: Algeria | B5: 5.2136193 | C5: 0 | D5: =Tabella13[[#This Row],[Percentage of Suppliers - Raw]]/$C$151 -> 0 | E5: 0 | F5: =Tabella13[[#This Row],[Percentage of Supplier''s Facilities - Raw]]/$E$151 -> 0 | H5: Main Data | M5: Main Data
A6: Angola | B6: 5.6305966 | C6: 0 | D6: =Tabella13[[#This Row],[Percentage of Suppliers - Raw]]/$C$151 -> 0 | E6: 0.0007 | F6: =Tabella13[[#This Row],[Percentage of Supplier''s Facilities - Raw]]/$E$151 -> 0.00070771408 | I6: Country | J6: Geopolitical Risk Index | K6: Value | N6: Country | O6: Geopolitical Risk Index | P6: Value
A7: Argentina | B7: 4.3620978 | C7: 0.0025 | D7: =Tabella13[[#This Row],[Percentage of Suppliers - Raw]]/$C$151 -> 0.0025388443 | E7: 0.0027 | F7: =Tabella13[[#This Row],[Percentage of Supplier''s Facilities - Raw]]/$E$151 -> 0.0027297543 | H7: Minimum | I7: =INDEX(A4:A150,MATCH(MIN(D4:D150),D4:D150,0)) -> Albania | J7: =INDEX(B4:B150,MATCH(MIN(D4:D150),D4:D150,0)) -> 4.3705708 | K7: =INDEX(D4:D150,MATCH(MIN(D4:D150),D4:D150,0)) -> 0 | M7: Minimum | N7: =INDEX(A4:A150,MATCH(MIN(F4:F150),F4:F150,0)) -> Albania | O7: =INDEX(B4:B150,MATCH(MIN(F4:F150),F4:F150,0)) -> 4.3705708 | P7: =INDEX(F4:F150,MATCH(MIN(F4:F150),F4:F150,0)) -> 0
A8: Armenia | B8: 4.7882033 | C8: 0 | D8: =Tabella13[[#This Row],[Percentage of Suppliers - Raw]]/$C$151 -> 0 | E8: 0.0004 | F8: =Tabella13[[#This Row],[Percentage of Supplier''s Facilities - Raw]]/$E$151 -> 0.00040440805 | H8: Maximum | I8: =INDEX(A4:A150,MATCH(MAX(D4:D150),D4:D150,0)) -> Japan | J8: =INDEX(B4:B150,MATCH(MAX(D4:D150),D4:D150,0)) -> 3.3755879 | K8: =INDEX(D4:D150,MATCH(MAX(D4:D150),D4:D150,0)) -> 0.25449375 | M8: Maximum | N8: =INDEX(A4:A150,MATCH(MAX(F4:F150),F4:F150,0)) -> China | O8: =INDEX(B4:B150,MATCH(MAX(F4:F150),F4:F150,0)) -> 4.2558828 | P8: =INDEX(F4:F150,MATCH(MAX(F4:F150),F4:F150,0)) -> 0.26852694
A9: Australia | B9: 3.2228923 | C9: 0.01 | D9: =Tabella13[[#This Row],[Percentage of Suppliers - Raw]]/$C$151 -> 0.010155377 | E9: 0.0055 | F9: =Tabella13[[#This Row],[Percentage of Supplier''s Facilities - Raw]]/$E$151 -> 0.0055606107 | H9: Component - Suppliers | K9: =SUMPRODUCT(B4:B150,D4:D150) -> 3.8594282 | M9: Component - Suppliers' Facilities | P9: =SUMPRODUCT(B4:B150,F4:F150) -> 4.0276283
A10: Austria | B10: 3.4101851 | C10: 0.0025 | D10: =Tabella13[[#This Row],[Percentage of Suppliers - Raw]]/$C$151 -> 0.0025388443 | E10: 0.0024 | F10: =Tabella13[[#This Row],[Percentage of Supplier''s Facilities - Raw]]/$E$151 -> 0.0024264483
A11: Azerbaijan | B11: 5.2109259 | C11: 0 | D11: =Tabella13[[#This Row],[Percentage of Suppliers - Raw]]/$C$151 -> 0 | E11: 0 | F11: =Tabella13[[#This Row],[Percentage of Supplier''s Facilities - Raw]]/$E$151 -> 0
A12: Bahrain | B12: 4.2572307 | C12: 0 | D12: =Tabella13[[#This Row],[Percentage of Suppliers - Raw]]/$C$151 -> 0 | E12: 0 | F12: =Tabella13[[#This Row],[Percentage of Supplier''s Facilities - Raw]]/$E$151 -> 0
A13: Bangladesh | B13: 6.2938646 | C13: 0 | D13: =Tabella13[[#This Row],[Percentage of Suppliers - Raw]]/$C$151 -> 0 | E13: 0.0004 | F13: =Tabella13[[#This Row],[Percentage of Supplier''s Facilities - Raw]]/$E$151 -> 0.00040440805
A14: Belarus | B14: 5.4470392 | C14: 0 | D14: =Tabella13[[#This Row],[Percentage of Suppliers - Raw]]/$C$151 -> 0 | E14: 0.0015 | F14: =Tabella13[[#This Row],[Percentage of Supplier''s Facilities - Raw]]/$E$151 -> 0.0015165302
A15: Belgium | B15: 3.3272157 | C15: 0 | D15: =Tabella13[[#This Row],[Percentage of Suppliers - Raw]]/$C$151 -> 0 | E15: 0.0073 | F15: =Tabella13[[#This Row],[Percentage of Supplier''s Facilities - Raw]]/$E$151 -> 0.0073804469
A16: Benin | B16: 5.9976204 | C16: 0 | D16: =Tabella13[[#This Row],[Percentage of Suppliers - Raw]]/$C$151 -> 0 | E16: 0.0002 | F16: =Tabella13[[#This Row],[Percentage of Supplier''s Facilities - Raw]]/$E$151 -> 0.00020220402
A17: Bhutan | B17: 5.0248646 | C17: 0 | D17: =Tabella13[[#This Row],[Percentage of Suppliers - Raw]]/$C$151 -> 0 | E17: 0 | F17: =Tabella13[[#This Row],[Percentage of Supplier''s Facilities - Raw]]/$E$151 -> 0
A18: Bolivia | B18: 5.4119735 | C18: 0 | D18: =Tabella13[[#This Row],[Percentage of Suppliers - Raw]]/$C$151 -> 0 | E18: 0 | F18: =Tabella13[[#This Row],[Percentage of Supplier''s Facilities - Raw]]/$E$151 -> 0
A19: Bosnia and Herzegovina | B19: 5.3424605 | C19: 0 | D19: =Tabella13[[#This Row],[Percentage of Suppliers - Raw]]/$C$151 -> 0 | E19: 0 | F19: =Tabella13[[#This Row],[Percentage of Supplier''s Facilities - Raw]]/$E$151 -> 0
A20: Botswana | B20: 4.3392269 | C20: 0 | D20: =Tabella13[[#This Row],[Percentage of Suppliers - Raw]]/$C$151 -> 0 | E20: 0.0002 | F20: =Tabella13[[#This Row],[Percentage of Supplier''s Facilities - Raw]]/$E$151 -> 0.00020220402
A21: Brazil | B21: 5.352888 | C21: 0 | D21: =Tabella13[[#This Row],[Percentage of Suppliers - Raw]]/$C$151 -> 0 | E21: 0.0082 | F21: =Tabella13[[#This Row],[Percentage of Supplier''s Facilities - Raw]]/$E$151 -> 0.008290365
... A30: Chile | B30: 4.3579263 | C30: 0 | D30: =Tabella13[[#This Row],[Percentage of Suppliers - Raw]]/$C$151 -> 0 | E30: 0.0009 | F30: =Tabella13[[#This Row],[Percentage of Supplier''s Facilities - Raw]]/$E$151 -> 0.00090991811
A31: China | B31: 4.2558828 | C31: =13.53% + 11.28% -> 0.2481 | D31: =Tabella13[[#This Row],[Percentage of Suppliers - Raw]]/$C$151 -> 0.25195491 | E31: 0.2656 | F31: =Tabella13[[#This Row],[Percentage of Supplier''s Facilities - Raw]]/$E$151 -> 0.26852694 | G31: Includes Taiwan
A32: Colombia | B32: 5.724794 | C32: 0 | D32: =Tabella13[[#This Row],[Percentage of Suppliers - Raw]]/$C$151 -> 0 | E32: 0.0004 | F32: =Tabella13[[#This Row],[Percentage of Supplier''s Facilities - Raw]]/$E$151 -> 0.00040440805
A33: Congo, Rep. | B33: 5.6489161 | C33: 0 | D33: =Tabella13[[#This Row],[Percentage of Suppliers - Raw]]/$C$151 -> 0 | E33: 0.0002 | F33: =Tabella13[[#This Row],[Percentage of Supplier''s Facilities - Raw]]/$E$151 -> 0.00020220402
A34: Costa Rica | B34: 4.2297468 | C34: 0 | D34: =Tabella13[[#This Row],[Percentage of Suppliers - Raw]]/$C$151 -> 0 | E34: 0.0002 | F34: =Tabella13[[#This Row],[Percentage of Supplier''s Facilities - Raw]]/$E$151 -> 0.00020220402
A35: Cote d'Ivoire | B35: 5.5958392 | C35: 0 | D35: =Tabella13[[#This Row],[Percentage of Suppliers - Raw]]/$C$151 -> 0 | E35: 0.0002 | F35: =Tabella13[[#This Row],[Percentage of Supplier''s Facilities - Raw]]/$E$151 -> 0.00020220402
A36: Croatia | B36: 4.2818307 | C36: 0 | D36: =Tabella13[[#This Row],[Percentage of Suppliers - Raw]]/$C$151 -> 0 | E36: 0.0004 | F36: =Tabella13[[#This Row],[Percentage of Supplier''s Facilities - Raw]]/$E$151 -> 0.00040440805
A37: Cyprus | B37: 4.6657023 | C37: 0 | D37: =Tabella13[[#This Row],[Percentage of Suppliers - Raw]]/$C$151 -> 0 | E37: 0 | F37: =Tabella13[[#This Row],[Percentage of Supplier''s Facilities - Raw]]/$E$151 -> 0
A38: Czech Republic | B38: 3.748497 | C38: 0 | D38: =Tabella13[[#This Row],[Percentage of Suppliers - Raw]]/$C$151 -> 0 | E38: 0.0075 | F38: =Tabella13[[#This Row],[Percentage of Supplier''s Facilities - Raw]]/$E$151 -> 0.0075826509
A39: Denmark | B39: 3.1990776 | C39: 0 | D39: =Tabella13[[#This Row],[Percentage of Suppliers - Raw]]/$C$151 -> 0 | E39: 0.0031 | F39: =Tabella13[[#This Row],[Percentage of Supplier''s Facilities - Raw]]/$E$151 -> 0.0031341624
A40: Djibouti | B40: 5.9780559 | C40: 0 | D40: =Tabella13[[#This Row],[Percentage of Suppliers - Raw]]/$C$151 -> 0 | E40: 0 | F40: =Tabella13[[#This Row],[Percentage of Supplier''s Facilities - Raw]]/$E$151 -> 0
A41: Dominican Republic | B41: 4.6951386 | C41: 0 | D41: =Tabella13[[#This Row],[Percentage of Suppliers - Raw]]/$C$151 -> 0 | E41: 0.0013 | F41: =Tabella13[[#This Row],[Percentage of Supplier''s Facilities - Raw]]/$E$151 -> 0.0013143262
A42: Ecuador | B42: 5.7086244 | C42: 0 | D42: =Tabella13[[#This Row],[Percentage of Suppliers - Raw]]/$C$151 -> 0 | E42: 0 | F42: =Tabella13[[#This Row],[Percentage of Supplier''s Facilities - Raw]]/$E$151 -> 0
A43: Egypt | B43: 5.6039767 | C43: 0 | D43: =Tabella13[[#This Row],[Percentage of Suppliers - Raw]]/$C$151 -> 0 | E43: 0.0004 | F43: =Tabella13[[#This Row],[Percentage of Supplier''s Facilities - Raw]]/$E$151 -> 0.00040440805
... A150: Zimbabwe | B150: 6.1447845 | C150: 0 | D150: =Tabella13[[#This Row],[Percentage of Suppliers - Raw]]/$C$151 -> 0 | E150: 0 | F150: =Tabella13[[#This Row],[Percentage of Supplier''s Facilities - Raw]]/$E$151 -> 0
A151: TOTAL | B151: =0.25*INDEX('[1]Political Risk Index'!$B$2:$Q$171,MATCH($A151,'[1]Political Risk Index'!$A$2:$A$171,0),MATCH(B$1,'[1]Political Risk Index'!$B$1:$Q$1,0))+0.15*INDEX('[1]Govt Interference Index'!$B$2:$O$153,MATCH($A151,'[1]Govt Interference Index'!$A$2:$A$153,0),MATCH(B$1,'[1]Govt Interference Index'!$B$1:$O$1,0))+0.1*INDEX('[1]Globalization Index'!$B$2:$Q$217,MATCH($A151,'[1]Globalization Index'!$A$2:$A$217,0),MATCH(B$1,'[1]Globalization Index'!$B$1:$Q$1,0))+0.3*INDEX('[1]Conflict & Unrest Index'!$B$2:$R$161,MATCH($A151,'[1]Conflict & Unrest Index'!$A$2:$A$161,0),MATCH(B$1,'[1]Conflict & Unrest Index'!$B$1:$R$1,0))+0.1*INDEX('[1]Geographical Risk Index'!$B$2:$O$168,MATCH($A151,'[1]Geographical Risk Index'!$A$2:$A$168,0),MATCH(B$1,'[1]Geographical Risk Index'!$B$1:$O$1,0))+0.1*INDEX('[1]Geoeconomic Dependency Index'!$B$2:$S$253,MATCH($A151,'[1]Geoeconomic Dependency Index'!$A$2:$A$253,0),MATCH(B$1,'[1]Geoeconomic Dependency Index'!$B$1:$S$1,0)) -> #N/A | C151: =SUM(C4:C150) -> 0.9847 | D151: =Tabella13[[#This Row],[Percentage of Suppliers - Raw]]/$C$151 -> 1 | E151: =SUM(E4:E150) -> 0.9891 | F151: =SUM(F4:F150) -> 1

Sheet Country of Suppliers - Meta
A1: Meta
A3: Country of Supplier | B3: Country Geopolitical Risk Index | C3: Percentage of Suppliers - Raw | D3: Percentage of Suppliers - Standardized | E3: Percentage of Supplier's Facilities - Raw | F3: Percentage of Supplier's Facilities - Standardize
A4: Albania | B4: 4.3705708 | C4: 0 | D4: =Tabella14[[#This Row],[Percentage of Suppliers - Raw]]/$C$151 -> 0 | E4: 0.0004 | F4: =Tabella14[[#This Row],[Percentage of Supplier''s Facilities - Raw]]/$E$151 -> 0.00040371417
A5: Algeria | B5: 5.2136193 | C5: 0 | D5: =Tabella14[[#This Row],[Percentage of Suppliers - Raw]]/$C$151 -> 0 | E5: 0.0008 | F5: =Tabella14[[#This Row],[Percentage of Supplier''s Facilities - Raw]]/$E$151 -> 0.00080742834 | H5: Main Data | M5: Main Data
A6: Angola | B6: 5.6305966 | C6: 0 | D6: =Tabella14[[#This Row],[Percentage of Suppliers - Raw]]/$C$151 -> 0 | E6: 0.0013 | F6: =Tabella14[[#This Row],[Percentage of Supplier''s Facilities - Raw]]/$E$151 -> 0.0013120711 | I6: Country | J6: Geopolitical Risk Index | K6: Value | N6: Country | O6: Geopolitical Risk Index | P6: Value
A7: Argentina | B7: 4.3620978 | C7: 0 | D7: =Tabella14[[#This Row],[Percentage of Suppliers - Raw]]/$C$151 -> 0 | E7: 0.0025 | F7: =Tabella14[[#This Row],[Percentage of Supplier''s Facilities - Raw]]/$E$151 -> 0.0025232136 | H7: Minimum | I7: =INDEX(A4:A150,MATCH(MIN(D4:D150),D4:D150,0)) -> Albania | J7: =INDEX(B4:B150,MATCH(MIN(D4:D150),D4:D150,0)) -> 4.3705708 | K7: =INDEX(D4:D150,MATCH(MIN(D4:D150),D4:D150,0)) -> 0 | M7: Minimum | N7: =INDEX(A4:A150,MATCH(MIN(F4:F150),F4:F150,0)) -> Azerbaijan | O7: =INDEX(B4:B150,MATCH(MIN(F4:F150),F4:F150,0)) -> 5.2109259 | P7: =INDEX(F4:F150,MATCH(MIN(F4:F150),F4:F150,0)) -> 0
A8: Armenia | B8: 4.7882033 | C8: 0 | D8: =Tabella14[[#This Row],[Percentage of Suppliers - Raw]]/$C$151 -> 0 | E8: 0.0004 | F8: =Tabella14[[#This Row],[Percentage of Supplier''s Facilities - Raw]]/$E$151 -> 0.00040371417 | H8: Maximum | I8: =INDEX(A4:A150,MATCH(MAX(D4:D150),D4:D150,0)) -> United States | J8: =INDEX(B4:B150,MATCH(MAX(D4:D150),D4:D150,0)) -> 4.1903554 | K8: =INDEX(D4:D150,MATCH(MAX(D4:D150),D4:D150,0)) -> 0.37392099 | M8: Maximum | N8: =INDEX(A4:A150,MATCH(MAX(F4:F150),F4:F150,0)) -> United States | O8: =INDEX(B4:B150,MATCH(MAX(F4:F150),F4:F150,0)) -> 4.1903554 | P8: =INDEX(F4:F150,MATCH(MAX(F4:F150),F4:F150,0)) -> 0.233044
A9: Australia | B9: 3.2228923 | C9: 0.0155 | D9: =Tabella14[[#This Row],[Percentage of Suppliers - Raw]]/$C$151 -> 0.015740835 | E9: 0.0183 | F9: =Tabella14[[#This Row],[Percentage of Supplier''s Facilities - Raw]]/$E$151 -> 0.018469923 | H9: Component - Suppliers | K9: =SUMPRODUCT(B4:B150,D4:D150) -> 3.9636017 | M9: Component - Suppliers' Facilities | P9: =SUMPRODUCT(B4:B150,F4:F150) -> 4.0689945
A10: Austria | B10: 3.4101851 | C10: 0 | D10: =Tabella14[[#This Row],[Percentage of Suppliers - Raw]]/$C$151 -> 0 | E10: 0.0058 | F10: =Tabella14[[#This Row],[Percentage of Supplier''s Facilities - Raw]]/$E$151 -> 0.0058538555
A11: Azerbaijan | B11: 5.2109259 | C11: 0 | D11: =Tabella14[[#This Row],[Percentage of Suppliers - Raw]]/$C$151 -> 0 | E11: 0 | F11: =Tabella14[[#This Row],[Percentage of Supplier''s Facilities - Raw]]/$E$151 -> 0
A12: Bahrain | B12: 4.2572307 | C12: 0 | D12: =Tabella14[[#This Row],[Percentage of Suppliers - Raw]]/$C$151 -> 0 | E12: 0 | F12: =Tabella14[[#This Row],[Percentage of Supplier''s Facilities - Raw]]/$E$151 -> 0
A13: Bangladesh | B13: 6.2938646 | C13: 0 | D13: =Tabella14[[#This Row],[Percentage of Suppliers - Raw]]/$C$151 -> 0 | E13: 0.0004 | F13: =Tabella14[[#This Row],[Percentage of Supplier''s Facilities - Raw]]/$E$151 -> 0.00040371417
A14: Belarus | B14: 5.4470392 | C14: 0 | D14: =Tabella14[[#This Row],[Percentage of Suppliers - Raw]]/$C$151 -> 0 | E14: 0 | F14: =Tabella14[[#This Row],[Percentage of Supplier''s Facilities - Raw]]/$E$151 -> 0
A15: Belgium | B15: 3.3272157 | C15: 0.0039 | D15: =Tabella14[[#This Row],[Percentage of Suppliers - Raw]]/$C$151 -> 0.0039605971 | E15: 0.0038 | F15: =Tabella14[[#This Row],[Percentage of Supplier''s Facilities - Raw]]/$E$151 -> 0.0038352846
A16: Benin | B16: 5.9976204 | C16: 0 | D16: =Tabella14[[#This Row],[Percentage of Suppliers - Raw]]/$C$151 -> 0 | E16: 0.0001 | F16: =Tabella14[[#This Row],[Percentage of Supplier''s Facilities - Raw]]/$E$151 -> 0.00010092854
A17: Bhutan | B17: 5.0248646 | C17: 0 | D17: =Tabella14[[#This Row],[Percentage of Suppliers - Raw]]/$C$151 -> 0 | E17: 0 | F17: =Tabella14[[#This Row],[Percentage of Supplier''s Facilities - Raw]]/$E$151 -> 0
A18: Bolivia | B18: 5.4119735 | C18: 0 | D18: =Tabella14[[#This Row],[Percentage of Suppliers - Raw]]/$C$151 -> 0 | E18: 0 | F18: =Tabella14[[#This Row],[Percentage of Supplier''s Facilities - Raw]]/$E$151 -> 0
A19: Bosnia and Herzegovina | B19: 5.3424605 | C19: 0 | D19: =Tabella14[[#This Row],[Percentage of Suppliers - Raw]]/$C$151 -> 0 | E19: 0.0004 | F19: =Tabella14[[#This Row],[Percentage of Supplier''s Facilities - Raw]]/$E$151 -> 0.00040371417
A20: Botswana | B20: 4.3392269 | C20: 0 | D20: =Tabella14[[#This Row],[Percentage of Suppliers - Raw]]/$C$151 -> 0 | E20: 0.0001 | F20: =Tabella14[[#This Row],[Percentage of Supplier''s Facilities - Raw]]/$E$151 -> 0.00010092854
A21: Brazil | B21: 5.352888 | C21: 0.0039 | D21: =Tabella14[[#This Row],[Percentage of Suppliers - Raw]]/$C$151 -> 0.0039605971 | E21: 0.0154 | F21: =Tabella14[[#This Row],[Percentage of Supplier''s Facilities - Raw]]/$E$151 -> 0.015542996
... A30: Chile | B30: 4.3579263 | C30: 0.0039 | D30: =Tabella14[[#This Row],[Percentage of Suppliers - Raw]]/$C$151 -> 0.0039605971 | E30: 0.0025 | F30: =Tabella14[[#This Row],[Percentage of Supplier''s Facilities - Raw]]/$E$151 -> 0.0025232136
A31: China | B31: 4.2558828 | C31: =12.02% + 5.43% -> 0.1745 | D31: =Tabella14[[#This Row],[Percentage of Suppliers - Raw]]/$C$151 -> 0.17721133 | E31: 0.1926 | F31: =Tabella14[[#This Row],[Percentage of Supplier''s Facilities - Raw]]/$E$151 -> 0.19438837 | G31: Includes Taiwan
A32: Colombia | B32: 5.724794 | C32: 0 | D32: =Tabella14[[#This Row],[Percentage of Suppliers - Raw]]/$C$151 -> 0 | E32: 0.0021 | F32: =Tabella14[[#This Row],[Percentage of Supplier''s Facilities - Raw]]/$E$151 -> 0.0021194994
A33: Congo, Rep. | B33: 5.6489161 | C33: 0 | D33: =Tabella14[[#This Row],[Percentage of Suppliers - Raw]]/$C$151 -> 0 | E33: 0.0001 | F33: =Tabella14[[#This Row],[Percentage of Supplier''s Facilities - Raw]]/$E$151 -> 0.00010092854
A34: Costa Rica | B34: 4.2297468 | C34: 0 | D34: =Tabella14[[#This Row],[Percentage of Suppliers - Raw]]/$C$151 -> 0 | E34: 0.0033 | F34: =Tabella14[[#This Row],[Percentage of Supplier''s Facilities - Raw]]/$E$151 -> 0.0033306419
A35: Cote d'Ivoire | B35: 5.5958392 | C35: 0 | D35: =Tabella14[[#This Row],[Percentage of Suppliers - Raw]]/$C$151 -> 0 | E35: 0.0004 | F35: =Tabella14[[#This Row],[Percentage of Supplier''s Facilities - Raw]]/$E$151 -> 0.00040371417
A36: Croatia | B36: 4.2818307 | C36: 0 | D36: =Tabella14[[#This Row],[Percentage of Suppliers - Raw]]/$C$151 -> 0 | E36: 0.0013 | F36: =Tabella14[[#This Row],[Percentage of Supplier''s Facilities - Raw]]/$E$151 -> 0.0013120711
A37: Cyprus | B37: 4.6657023 | C37: 0 | D37: =Tabella14[[#This Row],[Percentage of Suppliers - Raw]]/$C$151 -> 0 | E37: 0 | F37: =Tabella14[[#This Row],[Percentage of Supplier''s Facilities - Raw]]/$E$151 -> 0
A38: Czech Republic | B38: 3.748497 | C38: 0 | D38: =Tabella14[[#This Row],[Percentage of Suppliers - Raw]]/$C$151 -> 0 | E38: 0.0079 | F38: =Tabella14[[#This Row],[Percentage of Supplier''s Facilities - Raw]]/$E$151 -> 0.0079733549
A39: Denmark | B39: 3.1990776 | C39: 0 | D39: =Tabella14[[#This Row],[Percentage of Suppliers - Raw]]/$C$151 -> 0 | E39: 0.0038 | F39: =Tabella14[[#This Row],[Percentage of Supplier''s Facilities - Raw]]/$E$151 -> 0.0038352846
A40: Djibouti | B40: 5.9780559 | C40: 0 | D40: =Tabella14[[#This Row],[Percentage of Suppliers - Raw]]/$C$151 -> 0 | E40: 0 | F40: =Tabella14[[#This Row],[Percentage of Supplier''s Facilities - Raw]]/$E$151 -> 0
A41: Dominican Republic | B41: 4.6951386 | C41: 0 | D41: =Tabella14[[#This Row],[Percentage of Suppliers - Raw]]/$C$151 -> 0 | E41: 0.0025 | F41: =Tabella14[[#This Row],[Percentage of Supplier''s Facilities - Raw]]/$E$151 -> 0.0025232136
A42: Ecuador | B42: 5.7086244 | C42: 0 | D42: =Tabella14[[#This Row],[Percentage of Suppliers - Raw]]/$C$151 -> 0 | E42: 0.0001 | F42: =Tabella14[[#This Row],[Percentage of Supplier''s Facilities - Raw]]/$E$151 -> 0.00010092854
A43: Egypt | B43: 5.6039767 | C43: 0 | D43: =Tabella14[[#This Row],[Percentage of Suppliers - Raw]]/$C$151 -> 0 | E43: 0.0017 | F43: =Tabella14[[#This Row],[Percentage of Supplier''s Facilities - Raw]]/$E$151 -> 0.0017157852
... A150: Zimbabwe | B150: 6.1447845 | C150: 0 | D150: =Tabella14[[#This Row],[Percentage of Suppliers - Raw]]/$C$151 -> 0 | E150: 0 | F150: =Tabella14[[#This Row],[Percentage of Supplier''s Facilities - Raw]]/$E$151 -> 0
A151: TOTAL | B151: =0.25*INDEX('[1]Political Risk Index'!$B$2:$Q$171,MATCH($A151,'[1]Political Risk Index'!$A$2:$A$171,0),MATCH(B$1,'[1]Political Risk Index'!$B$1:$Q$1,0))+0.15*INDEX('[1]Govt Interference Index'!$B$2:$O$153,MATCH($A151,'[1]Govt Interference Index'!$A$2:$A$153,0),MATCH(B$1,'[1]Govt Interference Index'!$B$1:$O$1,0))+0.1*INDEX('[1]Globalization Index'!$B$2:$Q$217,MATCH($A151,'[1]Globalization Index'!$A$2:$A$217,0),MATCH(B$1,'[1]Globalization Index'!$B$1:$Q$1,0))+0.3*INDEX('[1]Conflict & Unrest Index'!$B$2:$R$161,MATCH($A151,'[1]Conflict & Unrest Index'!$A$2:$A$161,0),MATCH(B$1,'[1]Conflict & Unrest Index'!$B$1:$R$1,0))+0.1*INDEX('[1]Geographical Risk Index'!$B$2:$O$168,MATCH($A151,'[1]Geographical Risk Index'!$A$2:$A$168,0),MATCH(B$1,'[1]Geographical Risk Index'!$B$1:$O$1,0))+0.1*INDEX('[1]Geoeconomic Dependency Index'!$B$2:$S$253,MATCH($A151,'[1]Geoeconomic Dependency Index'!$A$2:$A$253,0),MATCH(B$1,'[1]Geoeconomic Dependency Index'!$B$1:$S$1,0)) -> #N/A | C151: =SUM(C4:C150) -> 0.9847 | D151: =SUM(D4:D150) -> 1 | E151: =SUM(E4:E150) -> 0.9908 | F151: =SUM(F4:F150) -> 1

Sheet Country of Suppliers - NVIDIA
A1: NVIDIA
A3: Country of Supplier | B3: Country Geopolitical Risk Index | C3: Percentage of Suppliers - Raw | D3: Percentage of Suppliers - Standardized | E3: Percentage of Supplier's Facilities - Raw | F3: Percentage of Supplier's Facilities - Standardized
A4: Albania | B4: 4.3705708 | C4: 0 | D4: =Tabella15[[#This Row],[Percentage of Suppliers - Raw]]/$C$151 -> 0 | E4: 0.0002 | F4: =Tabella15[[#This Row],[Percentage of Supplier''s Facilities - Raw]]/$E$151 -> 0.00020082338
A5: Algeria | B5: 5.2136193 | C5: 0 | D5: =Tabella15[[#This Row],[Percentage of Suppliers - Raw]]/$C$151 -> 0 | E5: 0.0005 | F5: =Tabella15[[#This Row],[Percentage of Supplier''s Facilities - Raw]]/$E$151 -> 0.00050205844 | H5: Main Data | M5: Main Data
A6: Angola | B6: 5.6305966 | C6: 0 | D6: =Tabella15[[#This Row],[Percentage of Suppliers - Raw]]/$C$151 -> 0 | E6: 0.0004 | F6: =Tabella15[[#This Row],[Percentage of Supplier''s Facilities - Raw]]/$E$151 -> 0.00040164675 | I6: Country | J6: Geopolitical Risk Index | K6: Value | N6: Country | O6: Geopolitical Risk Index | P6: Value
A7: Argentina | B7: 4.3620978 | C7: 0 | D7: =Tabella15[[#This Row],[Percentage of Suppliers - Raw]]/$C$151 -> 0 | E7: 0.0018 | F7: =Tabella15[[#This Row],[Percentage of Supplier''s Facilities - Raw]]/$E$151 -> 0.0018074104 | H7: Minimum | I7: =INDEX(A4:A150,MATCH(MIN(D4:D150),D4:D150,0)) -> Albania | J7: =INDEX(B4:B150,MATCH(MIN(D4:D150),D4:D150,0)) -> 4.3705708 | K7: =INDEX(D4:D150,MATCH(MIN(D4:D150),D4:D150,0)) -> 0 | M7: Minimum | N7: =INDEX(A4:A150,MATCH(MIN(F4:F150),F4:F150,0)) -> Bahrain | O7: =INDEX(B4:B150,MATCH(MIN(F4:F150),F4:F150,0)) -> 4.2572307 | P7: =INDEX(F4:F150,MATCH(MIN(F4:F150),F4:F150,0)) -> 0
A8: Armenia | B8: 4.7882033 | C8: 0 | D8: =Tabella15[[#This Row],[Percentage of Suppliers - Raw]]/$C$151 -> 0 | E8: 0.0002 | F8: =Tabella15[[#This Row],[Percentage of Supplier''s Facilities - Raw]]/$E$151 -> 0.00020082338 | H8: Maximum | I8: =INDEX(A4:A150,MATCH(MAX(D4:D150),D4:D150,0)) -> United States | J8: =INDEX(B4:B150,MATCH(MAX(D4:D150),D4:D150,0)) -> 4.1903554 | K8: =INDEX(D4:D150,MATCH(MAX(D4:D150),D4:D150,0)) -> 0.4189624 | M8: Maximum | N8: =INDEX(A4:A150,MATCH(MAX(F4:F150),F4:F150,0)) -> United States | O8: =INDEX(B4:B150,MATCH(MAX(F4:F150),F4:F150,0)) -> 4.1903554 | P8: =INDEX(F4:F150,MATCH(MAX(F4:F150),F4:F150,0)) -> 0.24861934
A9: Australia | B9: 3.2228923 | C9: 0.0056 | D9: =Tabella15[[#This Row],[Percentage of Suppliers - Raw]]/$C$151 -> 0.0056304042 | E9: 0.0107 | F9: =Tabella15[[#This Row],[Percentage of Supplier''s Facilities - Raw]]/$E$151 -> 0.010744051 | H9: Component - Suppliers | K9: =SUMPRODUCT(B4:B150,D4:D150) -> 4.0426345 | M9: Component - Suppliers' Facilities | P9: =SUMPRODUCT(B4:B150,F4:F150) -> 4.099785
A10: Austria | B10: 3.4101851 | C10: 0.0056 | D10: =Tabella15[[#This Row],[Percentage of Suppliers - Raw]]/$C$151 -> 0.0056304042 | E10: 0.0045 | F10: =Tabella15[[#This Row],[Percentage of Supplier''s Facilities - Raw]]/$E$151 -> 0.004518526
A11: Azerbaijan | B11: 5.2109259 | C11: 0 | D11: =Tabella15[[#This Row],[Percentage of Suppliers - Raw]]/$C$151 -> 0 | E11: 0.0002 | F11: =Tabella15[[#This Row],[Percentage of Supplier''s Facilities - Raw]]/$E$151 -> 0.00020082338
A12: Bahrain | B12: 4.2572307 | C12: 0 | D12: =Tabella15[[#This Row],[Percentage of Suppliers - Raw]]/$C$151 -> 0 | E12: 0 | F12: =Tabella15[[#This Row],[Percentage of Supplier''s Facilities - Raw]]/$E$151 -> 0
A13: Bangladesh | B13: 6.2938646 | C13: 0 | D13: =Tabella15[[#This Row],[Percentage of Suppliers - Raw]]/$C$151 -> 0 | E13: 0.0004 | F13: =Tabella15[[#This Row],[Percentage of Supplier''s Facilities - Raw]]/$E$151 -> 0.00040164675
A14: Belarus | B14: 5.4470392 | C14: 0 | D14: =Tabella15[[#This Row],[Percentage of Suppliers - Raw]]/$C$151 -> 0 | E14: 0 | F14: =Tabella15[[#This Row],[Percentage of Supplier''s Facilities - Raw]]/$E$151 -> 0
A15: Belgium | B15: 3.3272157 | C15: 0 | D15: =Tabella15[[#This Row],[Percentage of Suppliers - Raw]]/$C$151 -> 0 | E15: 0.0027 | F15: =Tabella15[[#This Row],[Percentage of Supplier''s Facilities - Raw]]/$E$151 -> 0.0027111156
A16: Benin | B16: 5.9976204 | C16: 0 | D16: =Tabella15[[#This Row],[Percentage of Suppliers - Raw]]/$C$151 -> 0 | E16: 0 | F16: =Tabella15[[#This Row],[Percentage of Supplier''s Facilities - Raw]]/$E$151 -> 0
A17: Bhutan | B17: 5.0248646 | C17: 0 | D17: =Tabella15[[#This Row],[Percentage of Suppliers - Raw]]/$C$151 -> 0 | E17: 0 | F17: =Tabella15[[#This Row],[Percentage of Supplier''s Facilities - Raw]]/$E$151 -> 0
A18: Bolivia | B18: 5.4119735 | C18: 0 | D18: =Tabella15[[#This Row],[Percentage of Suppliers - Raw]]/$C$151 -> 0 | E18: 0 | F18: =Tabella15[[#This Row],[Percentage of Supplier''s Facilities - Raw]]/$E$151 -> 0
A19: Bosnia and Herzegovina | B19: 5.3424605 | C19: 0 | D19: =Tabella15[[#This Row],[Percentage of Suppliers - Raw]]/$C$151 -> 0 | E19: 0.0002 | F19: =Tabella15[[#This Row],[Percentage of Supplier''s Facilities - Raw]]/$E$151 -> 0.00020082338
A20: Botswana | B20: 4.3392269 | C20: 0 | D20: =Tabella15[[#This Row],[Percentage of Suppliers - Raw]]/$C$151 -> 0 | E20: 0 | F20: =Tabella15[[#This Row],[Percentage of Supplier''s Facilities - Raw]]/$E$151 -> 0
A21: Brazil | B21: 5.352888 | C21: 0 | D21: =Tabella15[[#This Row],[Percentage of Suppliers - Raw]]/$C$151 -> 0 | E21: 0.0131 | F21: =Tabella15[[#This Row],[Percentage of Supplier''s Facilities - Raw]]/$E$151 -> 0.013153931
... A30: Chile | B30: 4.3579263 | C30: 0 | D30: =Tabella15[[#This Row],[Percentage of Suppliers - Raw]]/$C$151 -> 0 | E30: 0.0015 | F30: =Tabella15[[#This Row],[Percentage of Supplier''s Facilities - Raw]]/$E$151 -> 0.0015061753
A31: China | B31: 4.2558828 | C31: =14.44%+ 14.44% -> 0.2888 | D31: =Tabella15[[#This Row],[Percentage of Suppliers - Raw]]/$C$151 -> 0.29036799 | E31: 0.2161 | F31: =Tabella15[[#This Row],[Percentage of Supplier''s Facilities - Raw]]/$E$151 -> 0.21698966 | G31: Includes Taiwan
A32: Colombia | B32: 5.724794 | C32: 0 | D32: =Tabella15[[#This Row],[Percentage of Suppliers - Raw]]/$C$151 -> 0 | E32: 0.0015 | F32: =Tabella15[[#This Row],[Percentage of Supplier''s Facilities - Raw]]/$E$151 -> 0.0015061753
A33: Congo, Rep. | B33: 5.6489161 | C33: 0 | D33: =Tabella15[[#This Row],[Percentage of Suppliers - Raw]]/$C$151 -> 0 | E33: 0 | F33: =Tabella15[[#This Row],[Percentage of Supplier''s Facilities - Raw]]/$E$151 -> 0
A34: Costa Rica | B34: 4.2297468 | C34: 0 | D34: =Tabella15[[#This Row],[Percentage of Suppliers - Raw]]/$C$151 -> 0 | E34: 0.0015 | F34: =Tabella15[[#This Row],[Percentage of Supplier''s Facilities - Raw]]/$E$151 -> 0.0015061753
A35: Cote d'Ivoire | B35: 5.5958392 | C35: 0 | D35: =Tabella15[[#This Row],[Percentage of Suppliers - Raw]]/$C$151 -> 0 | E35: 0 | F35: =Tabella15[[#This Row],[Percentage of Supplier''s Facilities - Raw]]/$E$151 -> 0
A36: Croatia | B36: 4.2818307 | C36: 0 | D36: =Tabella15[[#This Row],[Percentage of Suppliers - Raw]]/$C$151 -> 0 | E36: 0.0011 | F36: =Tabella15[[#This Row],[Percentage of Supplier''s Facilities - Raw]]/$E$151 -> 0.0011045286
A37: Cyprus | B37: 4.6657023 | C37: 0 | D37: =Tabella15[[#This Row],[Percentage of Suppliers - Raw]]/$C$151 -> 0 | E37: 0 | F37: =Tabella15[[#This Row],[Percentage of Supplier''s Facilities - Raw]]/$E$151 -> 0
A38: Czech Republic | B38: 3.748497 | C38: 0 | D38: =Tabella15[[#This Row],[Percentage of Suppliers - Raw]]/$C$151 -> 0 | E38: 0.0078 | F38: =Tabella15[[#This Row],[Percentage of Supplier''s Facilities - Raw]]/$E$151 -> 0.0078321117
A39: Denmark | B39: 3.1990776 | C39: 0 | D39: =Tabella15[[#This Row],[Percentage of Suppliers - Raw]]/$C$151 -> 0 | E39: 0.0027 | F39: =Tabella15[[#This Row],[Percentage of Supplier''s Facilities - Raw]]/$E$151 -> 0.0027111156
A40: Djibouti | B40: 5.9780559 | C40: 0 | D40: =Tabella15[[#This Row],[Percentage of Suppliers - Raw]]/$C$151 -> 0 | E40: 0 | F40: =Tabella15[[#This Row],[Percentage of Supplier''s Facilities - Raw]]/$E$151 -> 0
A41: Dominican Republic | B41: 4.6951386 | C41: 0 | D41: =Tabella15[[#This Row],[Percentage of Suppliers - Raw]]/$C$151 -> 0 | E41: 0.0011 | F41: =Tabella15[[#This Row],[Percentage of Supplier''s Facilities - Raw]]/$E$151 -> 0.0011045286
A42: Ecuador | B42: 5.7086244 | C42: 0 | D42: =Tabella15[[#This Row],[Percentage of Suppliers - Raw]]/$C$151 -> 0 | E42: 0.0002 | F42: =Tabella15[[#This Row],[Percentage of Supplier''s Facilities - Raw]]/$E$151 -> 0.00020082338
A43: Egypt | B43: 5.6039767 | C43: 0 | D43: =Tabella15[[#This Row],[Percentage of Suppliers - Raw]]/$C$151 -> 0 | E43: 0.0024 | F43: =Tabella15[[#This Row],[Percentage of Supplier''s Facilities - Raw]]/$E$151 -> 0.0024098805
... A150: Zimbabwe | B150: 6.1447845 | C150: 0 | D150: =Tabella15[[#This Row],[Percentage of Suppliers - Raw]]/$C$151 -> 0 | E150: 0 | F150: =Tabella15[[#This Row],[Percentage of Supplier''s Facilities - Raw]]/$E$151 -> 0
A151: TOTAL | B151: =0.25*INDEX('[1]Political Risk Index'!$B$2:$Q$171,MATCH($A151,'[1]Political Risk Index'!$A$2:$A$171,0),MATCH(B$1,'[1]Political Risk Index'!$B$1:$Q$1,0))+0.15*INDEX('[1]Govt Interference Index'!$B$2:$O$153,MATCH($A151,'[1]Govt Interference Index'!$A$2:$A$153,0),MATCH(B$1,'[1]Govt Interference Index'!$B$1:$O$1,0))+0.1*INDEX('[1]Globalization Index'!$B$2:$Q$217,MATCH($A151,'[1]Globalization Index'!$A$2:$A$217,0),MATCH(B$1,'[1]Globalization Index'!$B$1:$Q$1,0))+0.3*INDEX('[1]Conflict & Unrest Index'!$B$2:$R$161,MATCH($A151,'[1]Conflict & Unrest Index'!$A$2:$A$161,0),MATCH(B$1,'[1]Conflict & Unrest Index'!$B$1:$R$1,0))+0.1*INDEX('[1]Geographical Risk Index'!$B$2:$O$168,MATCH($A151,'[1]Geographical Risk Index'!$A$2:$A$168,0),MATCH(B$1,'[1]Geographical Risk Index'!$B$1:$O$1,0))+0.1*INDEX('[1]Geoeconomic Dependency Index'!$B$2:$S$253,MATCH($A151,'[1]Geoeconomic Dependency Index'!$A$2:$A$253,0),MATCH(B$1,'[1]Geoeconomic Dependency Index'!$B$1:$S$1,0)) -> #N/A | C151: =SUM(C4:C150) -> 0.9946 | D151: =Tabella15[[#This Row],[Percentage of Suppliers - Raw]]/$C$151 -> 1 | E151: =SUM(E4:E150) -> 0.9959 | F151: =SUM(F4:F150) -> 1

Sheet Country of Suppliers - VW
A1: Volkswagen
A3: Country of Supplier | B3: Country Geopolitical Risk Index | C3: Percentage of Suppliers - Raw | D3: Percentage of Suppliers - Standardized | E3: Percentage of Supplier's Facilities - Raw | F3: Percentage of Supplier's Facilities - Standardized
A4: Albania | B4: 4.3705708 | C4: 0 | D4: =Tabella16[[#This Row],[Percentage of Suppliers - Raw]]/$C$151 -> 0 | E4: 0 | F4: =Tabella16[[#This Row],[Percentage of Supplier''s Facilities - Raw]]/$E$151 -> 0
A5: Algeria | B5: 5.2136193 | C5: 0 | D5: =Tabella16[[#This Row],[Percentage of Suppliers - Raw]]/$C$151 -> 0 | E5: 0.0005 | F5: =Tabella16[[#This Row],[Percentage of Supplier''s Facilities - Raw]]/$E$151 -> 0.00050418473 | H5: Main Data | M5: Main Data
A6: Angola | B6: 5.6305966 | C6: 0 | D6: =Tabella16[[#This Row],[Percentage of Suppliers - Raw]]/$C$151 -> 0 | E6: 0.0003 | F6: =Tabella16[[#This Row],[Percentage of Supplier''s Facilities - Raw]]/$E$151 -> 0.00030251084 | I6: Country | J6: Geopolitical Risk Index | K6: Value | N6: Country | O6: Geopolitical Risk Index | P6: Value
A7: Argentina | B7: 4.3620978 | C7: 0.0036 | D7: =Tabella16[[#This Row],[Percentage of Suppliers - Raw]]/$C$151 -> 0.0037144036 | E7: 0.0049 | F7: =Tabella16[[#This Row],[Percentage of Supplier''s Facilities - Raw]]/$E$151 -> 0.0049410104 | H7: Minimum | I7: =INDEX(A4:A150,MATCH(MIN(D4:D150),D4:D150,0)) -> Albania | J7: =INDEX(B4:B150,MATCH(MIN(D4:D150),D4:D150,0)) -> 4.3705708 | K7: =INDEX(D4:D150,MATCH(MIN(D4:D150),D4:D150,0)) -> 0 | M7: Minimum | N7: =INDEX(A4:A150,MATCH(MIN(F4:F150),F4:F150,0)) -> Albania | O7: =INDEX(B4:B150,MATCH(MIN(F4:F150),F4:F150,0)) -> 4.3705708 | P7: =INDEX(F4:F150,MATCH(MIN(F4:F150),F4:F150,0)) -> 0
A8: Armenia | B8: 4.7882033 | C8: 0 | D8: =Tabella16[[#This Row],[Percentage of Suppliers - Raw]]/$C$151 -> 0 | E8: 0 | F8: =Tabella16[[#This Row],[Percentage of Supplier''s Facilities - Raw]]/$E$151 -> 0 | H8: Maximum | I8: =INDEX(A4:A150,MATCH(MAX(D4:D150),D4:D150,0)) -> China | J8: =INDEX(B4:B150,MATCH(MAX(D4:D150),D4:D150,0)) -> 4.2558828 | K8: =INDEX(D4:D150,MATCH(MAX(D4:D150),D4:D150,0)) -> 0.34647132 | M8: Maximum | N8: =INDEX(A4:A150,MATCH(MAX(F4:F150),F4:F150,0)) -> China | O8: =INDEX(B4:B150,MATCH(MAX(F4:F150),F4:F150,0)) -> 4.2558828 | P8: =INDEX(F4:F150,MATCH(MAX(F4:F150),F4:F150,0)) -> 0.19199355
A9: Australia | B9: 3.2228923 | C9: 0.0096 | D9: =Tabella16[[#This Row],[Percentage of Suppliers - Raw]]/$C$151 -> 0.0099050764 | E9: 0.0102 | F9: =Tabella16[[#This Row],[Percentage of Supplier''s Facilities - Raw]]/$E$151 -> 0.010285369 | H9: Component - Suppliers | K9: =SUMPRODUCT(B4:B150,D4:D150) -> 4.0446343 | M9: Component - Suppliers' Facilities | P9: =SUMPRODUCT(B4:B150,F4:F150) -> 4.1522496
A10: Austria | B10: 3.4101851 | C10: 0 | D10: =Tabella16[[#This Row],[Percentage of Suppliers - Raw]]/$C$151 -> 0 | E10: 0.0067 | F10: =Tabella16[[#This Row],[Percentage of Supplier''s Facilities - Raw]]/$E$151 -> 0.0067560754
A11: Azerbaijan | B11: 5.2109259 | C11: 0 | D11: =Tabella16[[#This Row],[Percentage of Suppliers - Raw]]/$C$151 -> 0 | E11: 0 | F11: =Tabella16[[#This Row],[Percentage of Supplier''s Facilities - Raw]]/$E$151 -> 0
A12: Bahrain | B12: 4.2572307 | C12: 0 | D12: =Tabella16[[#This Row],[Percentage of Suppliers - Raw]]/$C$151 -> 0 | E12: 0 | F12: =Tabella16[[#This Row],[Percentage of Supplier''s Facilities - Raw]]/$E$151 -> 0
A13: Bangladesh | B13: 6.2938646 | C13: 0 | D13: =Tabella16[[#This Row],[Percentage of Suppliers - Raw]]/$C$151 -> 0 | E13: 0.0002 | F13: =Tabella16[[#This Row],[Percentage of Supplier''s Facilities - Raw]]/$E$151 -> 0.00020167389
A14: Belarus | B14: 5.4470392 | C14: 0 | D14: =Tabella16[[#This Row],[Percentage of Suppliers - Raw]]/$C$151 -> 0 | E14: 0.0003 | F14: =Tabella16[[#This Row],[Percentage of Supplier''s Facilities - Raw]]/$E$151 -> 0.00030251084
A15: Belgium | B15: 3.3272157 | C15: 0.0036 | D15: =Tabella16[[#This Row],[Percentage of Suppliers - Raw]]/$C$151 -> 0.0037144036 | E15: 0.0057 | F15: =Tabella16[[#This Row],[Percentage of Supplier''s Facilities - Raw]]/$E$151 -> 0.005747706
A16: Benin | B16: 5.9976204 | C16: 0 | D16: =Tabella16[[#This Row],[Percentage of Suppliers - Raw]]/$C$151 -> 0 | E16: 0 | F16: =Tabella16[[#This Row],[Percentage of Supplier''s Facilities - Raw]]/$E$151 -> 0
A17: Bhutan | B17: 5.0248646 | C17: 0 | D17: =Tabella16[[#This Row],[Percentage of Suppliers - Raw]]/$C$151 -> 0 | E17: 0 | F17: =Tabella16[[#This Row],[Percentage of Supplier''s Facilities - Raw]]/$E$151 -> 0
A18: Bolivia | B18: 5.4119735 | C18: 0 | D18: =Tabella16[[#This Row],[Percentage of Suppliers - Raw]]/$C$151 -> 0 | E18: 0.0001 | F18: =Tabella16[[#This Row],[Percentage of Supplier''s Facilities - Raw]]/$E$151 -> 0.00010083695
A19: Bosnia and Herzegovina | B19: 5.3424605 | C19: 0 | D19: =Tabella16[[#This Row],[Percentage of Suppliers - Raw]]/$C$151 -> 0 | E19: 0.0003 | F19: =Tabella16[[#This Row],[Percentage of Supplier''s Facilities - Raw]]/$E$151 -> 0.00030251084
A20: Botswana | B20: 4.3392269 | C20: 0 | D20: =Tabella16[[#This Row],[Percentage of Suppliers - Raw]]/$C$151 -> 0 | E20: 0.0001 | F20: =Tabella16[[#This Row],[Percentage of Supplier''s Facilities - Raw]]/$E$151 -> 0.00010083695
A21: Brazil | B21: 5.352888 | C21: 0.0108 | D21: =Tabella16[[#This Row],[Percentage of Suppliers - Raw]]/$C$151 -> 0.011143211 | E21: 0.0238 | F21: =Tabella16[[#This Row],[Percentage of Supplier''s Facilities - Raw]]/$E$151 -> 0.023999193
... A30: Chile | B30: 4.3579263 | C30: 0.0012 | D30: =Tabella16[[#This Row],[Percentage of Suppliers - Raw]]/$C$151 -> 0.0012381345 | E30: 0.0016 | F30: =Tabella16[[#This Row],[Percentage of Supplier''s Facilities - Raw]]/$E$151 -> 0.0016133911
A31: China | B31: 4.2558828 | C31: =29.02% + 4.56% -> 0.3358 | D31: =Tabella16[[#This Row],[Percentage of Suppliers - Raw]]/$C$151 -> 0.34647132 | E31: 0.1904 | F31: =Tabella16[[#This Row],[Percentage of Supplier''s Facilities - Raw]]/$E$151 -> 0.19199355 | G31: Includes Taiwan
A32: Colombia | B32: 5.724794 | C32: 0 | D32: =Tabella16[[#This Row],[Percentage of Suppliers - Raw]]/$C$151 -> 0 | E32: 0.0013 | F32: =Tabella16[[#This Row],[Percentage of Supplier''s Facilities - Raw]]/$E$151 -> 0.0013108803
A33: Congo, Rep. | B33: 5.6489161 | C33: 0 | D33: =Tabella16[[#This Row],[Percentage of Suppliers - Raw]]/$C$151 -> 0 | E33: 0.0001 | F33: =Tabella16[[#This Row],[Percentage of Supplier''s Facilities - Raw]]/$E$151 -> 0.00010083695
A34: Costa Rica | B34: 4.2297468 | C34: 0 | D34: =Tabella16[[#This Row],[Percentage of Suppliers - Raw]]/$C$151 -> 0 | E34: 0.0009 | F34: =Tabella16[[#This Row],[Percentage of Supplier''s Facilities - Raw]]/$E$151 -> 0.00090753252
A35: Cote d'Ivoire | B35: 5.5958392 | C35: 0 | D35: =Tabella16[[#This Row],[Percentage of Suppliers - Raw]]/$C$151 -> 0 | E35: 0.0005 | F35: =Tabella16[[#This Row],[Percentage of Supplier''s Facilities - Raw]]/$E$151 -> 0.00050418473
A36: Croatia | B36: 4.2818307 | C36: 0.0012 | D36: =Tabella16[[#This Row],[Percentage of Suppliers - Raw]]/$C$151 -> 0.0012381345 | E36: 0.0008 | F36: =Tabella16[[#This Row],[Percentage of Supplier''s Facilities - Raw]]/$E$151 -> 0.00080669557
A37: Cyprus | B37: 4.6657023 | C37: 0 | D37: =Tabella16[[#This Row],[Percentage of Suppliers - Raw]]/$C$151 -> 0 | E37: 0 | F37: =Tabella16[[#This Row],[Percentage of Supplier''s Facilities - Raw]]/$E$151 -> 0
A38: Czech Republic | B38: 3.748497 | C38: 0 | D38: =Tabella16[[#This Row],[Percentage of Suppliers - Raw]]/$C$151 -> 0 | E38: 0.0109 | F38: =Tabella16[[#This Row],[Percentage of Supplier''s Facilities - Raw]]/$E$151 -> 0.010991227
A39: Denmark | B39: 3.1990776 | C39: 0.0012 | D39: =Tabella16[[#This Row],[Percentage of Suppliers - Raw]]/$C$151 -> 0.0012381345 | E39: 0.003 | F39: =Tabella16[[#This Row],[Percentage of Supplier''s Facilities - Raw]]/$E$151 -> 0.0030251084
A40: Djibouti | B40: 5.9780559 | C40: 0 | D40: =Tabella16[[#This Row],[Percentage of Suppliers - Raw]]/$C$151 -> 0 | E40: 0 | F40: =Tabella16[[#This Row],[Percentage of Supplier''s Facilities - Raw]]/$E$151 -> 0
A41: Dominican Republic | B41: 4.6951386 | C41: 0 | D41: =Tabella16[[#This Row],[Percentage of Suppliers - Raw]]/$C$151 -> 0 | E41: 0.0006 | F41: =Tabella16[[#This Row],[Percentage of Supplier''s Facilities - Raw]]/$E$151 -> 0.00060502168
A42: Ecuador | B42: 5.7086244 | C42: 0 | D42: =Tabella16[[#This Row],[Percentage of Suppliers - Raw]]/$C$151 -> 0 | E42: 0.0008 | F42: =Tabella16[[#This Row],[Percentage of Supplier''s Facilities - Raw]]/$E$151 -> 0.00080669557
A43: Egypt | B43: 5.6039767 | C43: 0 | D43: =Tabella16[[#This Row],[Percentage of Suppliers - Raw]]/$C$151 -> 0 | E43: 0.0012 | F43: =Tabella16[[#This Row],[Percentage of Supplier''s Facilities - Raw]]/$E$151 -> 0.0012100434
... A150: Zimbabwe | B150: 6.1447845 | C150: 0 | D150: =Tabella16[[#This Row],[Percentage of Suppliers - Raw]]/$C$151 -> 0 | E150: 0.0001 | F150: =Tabella16[[#This Row],[Percentage of Supplier''s Facilities - Raw]]/$E$151 -> 0.00010083695
A151: TOTAL | B151: =0.25*INDEX('[1]Political Risk Index'!$B$2:$Q$171,MATCH($A151,'[1]Political Risk Index'!$A$2:$A$171,0),MATCH(B$1,'[1]Political Risk Index'!$B$1:$Q$1,0))+0.15*INDEX('[1]Govt Interference Index'!$B$2:$O$153,MATCH($A151,'[1]Govt Interference Index'!$A$2:$A$153,0),MATCH(B$1,'[1]Govt Interference Index'!$B$1:$O$1,0))+0.1*INDEX('[1]Globalization Index'!$B$2:$Q$217,MATCH($A151,'[1]Globalization Index'!$A$2:$A$217,0),MATCH(B$1,'[1]Globalization Index'!$B$1:$Q$1,0))+0.3*INDEX('[1]Conflict & Unrest Index'!$B$2:$R$161,MATCH($A151,'[1]Conflict & Unrest Index'!$A$2:$A$161,0),MATCH(B$1,'[1]Conflict & Unrest Index'!$B$1:$R$1,0))+0.1*INDEX('[1]Geographical Risk Index'!$B$2:$O$168,MATCH($A151,'[1]Geographical Risk Index'!$A$2:$A$168,0),MATCH(B$1,'[1]Geographical Risk Index'!$B$1:$O$1,0))+0.1*INDEX('[1]Geoeconomic Dependency Index'!$B$2:$S$253,MATCH($A151,'[1]Geoeconomic Dependency Index'!$A$2:$A$253,0),MATCH(B$1,'[1]Geoeconomic Dependency Index'!$B$1:$S$1,0)) -> #N/A | C151: =SUM(C4:C150) -> 0.9692 | D151: =Tabella16[[#This Row],[Percentage of Suppliers - Raw]]/$C$151 -> 1 | E151: =SUM(E4:E150) -> 0.9917 | F151: =SUM(F4:F150) -> 1

Sheet Country of Suppliers Microsoft
A1: Microsoft
A3: Country of Supplier | B3: Country Geopolitical Risk Index | C3: Percentage of Suppliers - Raw | D3: Percentage of Suppliers - Standardized | E3: Percentage of Supplier's Facilities - Raw | F3: Percentage of Supplier's Facilities - Standardize
A4: Albania | B4: 4.3705708 | C4: 0 | D4: =Tabella17[[#This Row],[Percentage of Suppliers - Raw]]/$C$151 -> 0 | E4: 0 | F4: =Tabella17[[#This Row],[Percentage of Supplier''s Facilities - Raw]]/$E$151 -> 0
A5: Algeria | B5: 5.2136193 | C5: 0 | D5: =Tabella17[[#This Row],[Percentage of Suppliers - Raw]]/$C$151 -> 0 | E5: 0.0009 | F5: =Tabella17[[#This Row],[Percentage of Supplier''s Facilities - Raw]]/$E$151 -> 0.00090982612 | H5: Main Data | M5: Main Data
A6: Angola | B6: 5.6305966 | C6: 0 | D6: =Tabella17[[#This Row],[Percentage of Suppliers - Raw]]/$C$151 -> 0 | E6: 0.0009 | F6: =Tabella17[[#This Row],[Percentage of Supplier''s Facilities - Raw]]/$E$151 -> 0.00090982612 | I6: Country | J6: Geopolitical Risk Index | K6: Value | N6: Country | O6: Geopolitical Risk Index | P6: Value
A7: Argentina | B7: 4.3620978 | C7: 0 | D7: =Tabella17[[#This Row],[Percentage of Suppliers - Raw]]/$C$151 -> 0 | E7: 0.0044 | F7: =Tabella17[[#This Row],[Percentage of Supplier''s Facilities - Raw]]/$E$151 -> 0.0044480388 | H7: Minimum | I7: =INDEX(A4:A150,MATCH(MIN(D4:D150),D4:D150,0)) -> Albania | J7: =INDEX(B4:B150,MATCH(MIN(D4:D150),D4:D150,0)) -> 4.3705708 | K7: =INDEX(D4:D150,MATCH(MIN(D4:D150),D4:D150,0)) -> 0 | M7: Minimum | N7: =INDEX(A4:A150,MATCH(MIN(F4:F150),F4:F150,0)) -> Albania | O7: =INDEX(B4:B150,MATCH(MIN(F4:F150),F4:F150,0)) -> 4.3705708 | P7: =INDEX(F4:F150,MATCH(MIN(F4:F150),F4:F150,0)) -> 0
A8: Armenia | B8: 4.7882033 | C8: 0 | D8: =Tabella17[[#This Row],[Percentage of Suppliers - Raw]]/$C$151 -> 0 | E8: 0.0001 | F8: =Tabella17[[#This Row],[Percentage of Supplier''s Facilities - Raw]]/$E$151 -> 0.00010109179 | H8: Maximum | I8: =INDEX(A4:A150,MATCH(MAX(D4:D150),D4:D150,0)) -> United States | J8: =INDEX(B4:B150,MATCH(MAX(D4:D150),D4:D150,0)) -> 4.1903554 | K8: =INDEX(D4:D150,MATCH(MAX(D4:D150),D4:D150,0)) -> 0.3927706 | M8: Maximum | N8: =INDEX(A4:A150,MATCH(MAX(F4:F150),F4:F150,0)) -> United States | O8: =INDEX(B4:B150,MATCH(MAX(F4:F150),F4:F150,0)) -> 4.1903554 | P8: =INDEX(F4:F150,MATCH(MAX(F4:F150),F4:F150,0)) -> 0.23200566
A9: Australia | B9: 3.2228923 | C9: 0.0247 | D9: =Tabella17[[#This Row],[Percentage of Suppliers - Raw]]/$C$151 -> 0.024939418 | E9: 0.0117 | F9: =Tabella17[[#This Row],[Percentage of Supplier''s Facilities - Raw]]/$E$151 -> 0.01182774 | H9: Component - Suppliers | K9: =SUMPRODUCT(B4:B150,D4:D150) -> 3.965653 | M9: Component - Suppliers' Facilities | P9: =SUMPRODUCT(B4:B150,F4:F150) -> 4.156679
A10: Austria | B10: 3.4101851 | C10: 0.0041 | D10: =Tabella17[[#This Row],[Percentage of Suppliers - Raw]]/$C$151 -> 0.0041397415 | E10: 0.0038 | F10: =Tabella17[[#This Row],[Percentage of Supplier''s Facilities - Raw]]/$E$151 -> 0.0038414881
A11: Azerbaijan | B11: 5.2109259 | C11: 0 | D11: =Tabella17[[#This Row],[Percentage of Suppliers - Raw]]/$C$151 -> 0 | E11: 0 | F11: =Tabella17[[#This Row],[Percentage of Supplier''s Facilities - Raw]]/$E$151 -> 0
A12: Bahrain | B12: 4.2572307 | C12: 0 | D12: =Tabella17[[#This Row],[Percentage of Suppliers - Raw]]/$C$151 -> 0 | E12: 0.0001 | F12: =Tabella17[[#This Row],[Percentage of Supplier''s Facilities - Raw]]/$E$151 -> 0.00010109179
A13: Bangladesh | B13: 6.2938646 | C13: 0 | D13: =Tabella17[[#This Row],[Percentage of Suppliers - Raw]]/$C$151 -> 0 | E13: 0.0003 | F13: =Tabella17[[#This Row],[Percentage of Supplier''s Facilities - Raw]]/$E$151 -> 0.00030327537
A14: Belarus | B14: 5.4470392 | C14: 0 | D14: =Tabella17[[#This Row],[Percentage of Suppliers - Raw]]/$C$151 -> 0 | E14: 0 | F14: =Tabella17[[#This Row],[Percentage of Supplier''s Facilities - Raw]]/$E$151 -> 0
A15: Belgium | B15: 3.3272157 | C15: 0.0014 | D15: =Tabella17[[#This Row],[Percentage of Suppliers - Raw]]/$C$151 -> 0.0014135703 | E15: 0.0047 | F15: =Tabella17[[#This Row],[Percentage of Supplier''s Facilities - Raw]]/$E$151 -> 0.0047513142
A16: Benin | B16: 5.9976204 | C16: 0 | D16: =Tabella17[[#This Row],[Percentage of Suppliers - Raw]]/$C$151 -> 0 | E16: 0 | F16: =Tabella17[[#This Row],[Percentage of Supplier''s Facilities - Raw]]/$E$151 -> 0
A17: Bhutan | B17: 5.0248646 | C17: 0 | D17: =Tabella17[[#This Row],[Percentage of Suppliers - Raw]]/$C$151 -> 0 | E17: 0 | F17: =Tabella17[[#This Row],[Percentage of Supplier''s Facilities - Raw]]/$E$151 -> 0
A18: Bolivia | B18: 5.4119735 | C18: 0 | D18: =Tabella17[[#This Row],[Percentage of Suppliers - Raw]]/$C$151 -> 0 | E18: 0 | F18: =Tabella17[[#This Row],[Percentage of Supplier''s Facilities - Raw]]/$E$151 -> 0
A19: Bosnia and Herzegovina | B19: 5.3424605 | C19: 0 | D19: =Tabella17[[#This Row],[Percentage of Suppliers - Raw]]/$C$151 -> 0 | E19: 0.0001 | F19: =Tabella17[[#This Row],[Percentage of Supplier''s Facilities - Raw]]/$E$151 -> 0.00010109179
A20: Botswana | B20: 4.3392269 | C20: 0 | D20: =Tabella17[[#This Row],[Percentage of Suppliers - Raw]]/$C$151 -> 0 | E20: 0.0001 | F20: =Tabella17[[#This Row],[Percentage of Supplier''s Facilities - Raw]]/$E$151 -> 0.00010109179
A21: Brazil | B21: 5.352888 | C21: 0 | D21: =Tabella17[[#This Row],[Percentage of Suppliers - Raw]]/$C$151 -> 0 | E21: 0.0177 | F21: =Tabella17[[#This Row],[Percentage of Supplier''s Facilities - Raw]]/$E$151 -> 0.017893247
... A30: Chile | B30: 4.3579263 | C30: 0 | D30: =Tabella17[[#This Row],[Percentage of Suppliers - Raw]]/$C$151 -> 0 | E30: 0.0039 | F30: =Tabella17[[#This Row],[Percentage of Supplier''s Facilities - Raw]]/$E$151 -> 0.0039425799
A31: China | B31: 4.2558828 | C31: =8.08% + 9.04% -> 0.1712 | D31: =Tabella17[[#This Row],[Percentage of Suppliers - Raw]]/$C$151 -> 0.17285945 | E31: 0.1891 | F31: =Tabella17[[#This Row],[Percentage of Supplier''s Facilities - Raw]]/$E$151 -> 0.19116458 | G31: Includes Taiwan
A32: Colombia | B32: 5.724794 | C32: 0 | D32: =Tabella17[[#This Row],[Percentage of Suppliers - Raw]]/$C$151 -> 0 | E32: 0.0026 | F32: =Tabella17[[#This Row],[Percentage of Supplier''s Facilities - Raw]]/$E$151 -> 0.0026283866
A33: Congo, Rep. | B33: 5.6489161 | C33: 0 | D33: =Tabella17[[#This Row],[Percentage of Suppliers - Raw]]/$C$151 -> 0 | E33: 0.0003 | F33: =Tabella17[[#This Row],[Percentage of Supplier''s Facilities - Raw]]/$E$151 -> 0.00030327537
A34: Costa Rica | B34: 4.2297468 | C34: 0 | D34: =Tabella17[[#This Row],[Percentage of Suppliers - Raw]]/$C$151 -> 0 | E34: 0.002 | F34: =Tabella17[[#This Row],[Percentage of Supplier''s Facilities - Raw]]/$E$151 -> 0.0020218358
A35: Cote d'Ivoire | B35: 5.5958392 | C35: 0 | D35: =Tabella17[[#This Row],[Percentage of Suppliers - Raw]]/$C$151 -> 0 | E35: 0.0011 | F35: =Tabella17[[#This Row],[Percentage of Supplier''s Facilities - Raw]]/$E$151 -> 0.0011120097
A36: Croatia | B36: 4.2818307 | C36: 0 | D36: =Tabella17[[#This Row],[Percentage of Suppliers - Raw]]/$C$151 -> 0 | E36: 0.0013 | F36: =Tabella17[[#This Row],[Percentage of Supplier''s Facilities - Raw]]/$E$151 -> 0.0013141933
A37: Cyprus | B37: 4.6657023 | C37: 0 | D37: =Tabella17[[#This Row],[Percentage of Suppliers - Raw]]/$C$151 -> 0 | E37: 0.0003 | F37: =Tabella17[[#This Row],[Percentage of Supplier''s Facilities - Raw]]/$E$151 -> 0.00030327537
A38: Czech Republic | B38: 3.748497 | C38: 0 | D38: =Tabella17[[#This Row],[Percentage of Suppliers - Raw]]/$C$151 -> 0 | E38: 0.0075 | F38: =Tabella17[[#This Row],[Percentage of Supplier''s Facilities - Raw]]/$E$151 -> 0.0075818844
A39: Denmark | B39: 3.1990776 | C39: 0.0068 | D39: =Tabella17[[#This Row],[Percentage of Suppliers - Raw]]/$C$151 -> 0.0068659128 | E39: 0.0037 | F39: =Tabella17[[#This Row],[Percentage of Supplier''s Facilities - Raw]]/$E$151 -> 0.0037403963
A40: Djibouti | B40: 5.9780559 | C40: 0 | D40: =Tabella17[[#This Row],[Percentage of Suppliers - Raw]]/$C$151 -> 0 | E40: 0.0001 | F40: =Tabella17[[#This Row],[Percentage of Supplier''s Facilities - Raw]]/$E$151 -> 0.00010109179
A41: Dominican Republic | B41: 4.6951386 | C41: 0 | D41: =Tabella17[[#This Row],[Percentage of Suppliers - Raw]]/$C$151 -> 0 | E41: 0.0009 | F41: =Tabella17[[#This Row],[Percentage of Supplier''s Facilities - Raw]]/$E$151 -> 0.00090982612
A42: Ecuador | B42: 5.7086244 | C42: 0 | D42: =Tabella17[[#This Row],[Percentage of Suppliers - Raw]]/$C$151 -> 0 | E42: 0.0013 | F42: =Tabella17[[#This Row],[Percentage of Supplier''s Facilities - Raw]]/$E$151 -> 0.0013141933
A43: Egypt | B43: 5.6039767 | C43: 0 | D43: =Tabella17[[#This Row],[Percentage of Suppliers - Raw]]/$C$151 -> 0 | E43: 0.0021 | F43: =Tabella17[[#This Row],[Percentage of Supplier''s Facilities - Raw]]/$E$151 -> 0.0021229276
... A150: Zimbabwe | B150: 6.1447845 | C150: 0 | D150: =Tabella17[[#This Row],[Percentage of Suppliers - Raw]]/$C$151 -> 0 | E150: 0.0002 | F150: =Tabella17[[#This Row],[Percentage of Supplier''s Facilities - Raw]]/$E$151 -> 0.00020218358
A151: TOTAL | B151: =0.25*INDEX('[1]Political Risk Index'!$B$2:$Q$171,MATCH($A151,'[1]Political Risk Index'!$A$2:$A$171,0),MATCH(B$1,'[1]Political Risk Index'!$B$1:$Q$1,0))+0.15*INDEX('[1]Govt Interference Index'!$B$2:$O$153,MATCH($A151,'[1]Govt Interference Index'!$A$2:$A$153,0),MATCH(B$1,'[1]Govt Interference Index'!$B$1:$O$1,0))+0.1*INDEX('[1]Globalization Index'!$B$2:$Q$217,MATCH($A151,'[1]Globalization Index'!$A$2:$A$217,0),MATCH(B$1,'[1]Globalization Index'!$B$1:$Q$1,0))+0.3*INDEX('[1]Conflict & Unrest Index'!$B$2:$R$161,MATCH($A151,'[1]Conflict & Unrest Index'!$A$2:$A$161,0),MATCH(B$1,'[1]Conflict & Unrest Index'!$B$1:$R$1,0))+0.1*INDEX('[1]Geographical Risk Index'!$B$2:$O$168,MATCH($A151,'[1]Geographical Risk Index'!$A$2:$A$168,0),MATCH(B$1,'[1]Geographical Risk Index'!$B$1:$O$1,0))+0.1*INDEX('[1]Geoeconomic Dependency Index'!$B$2:$S$253,MATCH($A151,'[1]Geoeconomic Dependency Index'!$A$2:$A$253,0),MATCH(B$1,'[1]Geoeconomic Dependency Index'!$B$1:$S$1,0)) -> #N/A | C151: =SUM(C4:C150) -> 0.9904 | D151: =Tabella17[[#This Row],[Percentage of Suppliers - Raw]]/$C$151 -> 1 | E151: =SUM(E4:E150) -> 0.9892 | F151: =SUM(F4:F150) -> 1

Sheet Country of Suppliers - JPMorgan
A1: JP Morgan
A3: Country of Supplier | B3: Country Geopolitical Risk Index | C3: Percentage of Suppliers - Raw | D3: Percentage of Suppliers - Standardized | E3: Percentage of Supplier's Facilities - Raw | F3: Percentage of Supplier's Facilities - Standardizd
A4: Albania | B4: 4.37 | C4: 0 | D4: =Tabella18[[#This Row],[Percentage of Suppliers - Raw]]/$C$151 -> 0 | E4: 0 | F4: =Tabella18[[#This Row],[Percentage of Supplier''s Facilities - Raw]]/$E$151 -> 0
A5: Algeria | B5: 5.21 | C5: 0 | D5: =Tabella18[[#This Row],[Percentage of Suppliers - Raw]]/$C$151 -> 0 | E5: 0 | F5: =Tabella18[[#This Row],[Percentage of Supplier''s Facilities - Raw]]/$E$151 -> 0 | H5: Main Data | M5: Main Data
A6: Angola | B6: 5.63 | C6: 0 | D6: =Tabella18[[#This Row],[Percentage of Suppliers - Raw]]/$C$151 -> 0 | E6: 0 | F6: =Tabella18[[#This Row],[Percentage of Supplier''s Facilities - Raw]]/$E$151 -> 0 | I6: Country | J6: Geopolitical Risk Index | K6: Value | N6: Country | O6: Geopolitical Risk Index | P6: Value
A7: Argentina | B7: 4.36 | C7: 0 | D7: =Tabella18[[#This Row],[Percentage of Suppliers - Raw]]/$C$151 -> 0 | E7: 0.009 | F7: =Tabella18[[#This Row],[Percentage of Supplier''s Facilities - Raw]]/$E$151 -> 0.0090452261 | H7: Minimum | I7: =INDEX(A4:A150,MATCH(MIN(D4:D150),D4:D150,0)) -> Albania | J7: =INDEX(B4:B150,MATCH(MIN(D4:D150),D4:D150,0)) -> 4.37 | K7: =INDEX(D4:D150,MATCH(MIN(D4:D150),D4:D150,0)) -> 0 | M7: Minimum | N7: =INDEX(A4:A150,MATCH(MIN(F4:F150),F4:F150,0)) -> Albania | O7: =INDEX(B4:B150,MATCH(MIN(F4:F150),F4:F150,0)) -> 4.37 | P7: =INDEX(F4:F150,MATCH(MIN(F4:F150),F4:F150,0)) -> 0
A8: Armenia | B8: 4.79 | C8: 0 | D8: =Tabella18[[#This Row],[Percentage of Suppliers - Raw]]/$C$151 -> 0 | E8: 0 | F8: =Tabella18[[#This Row],[Percentage of Supplier''s Facilities - Raw]]/$E$151 -> 0 | H8: Maximum | I8: =INDEX(A4:A150,MATCH(MAX(D4:D150),D4:D150,0)) -> United States | J8: =INDEX(B4:B150,MATCH(MAX(D4:D150),D4:D150,0)) -> 4.19 | K8: =INDEX(D4:D150,MATCH(MAX(D4:D150),D4:D150,0)) -> 0.56992936 | M8: Maximum | N8: =INDEX(A4:A150,MATCH(MAX(F4:F150),F4:F150,0)) -> United States | O8: =INDEX(B4:B150,MATCH(MAX(F4:F150),F4:F150,0)) -> 4.19 | P8: =INDEX(F4:F150,MATCH(MAX(F4:F150),F4:F150,0)) -> 0.32592965
A9: Australia | B9: 3.22 | C9: 0.0093 | D9: =Tabella18[[#This Row],[Percentage of Suppliers - Raw]]/$C$151 -> 0.0093844601 | E9: 0.0225 | F9: =Tabella18[[#This Row],[Percentage of Supplier''s Facilities - Raw]]/$E$151 -> 0.022613065 | H9: Component - Suppliers | K9: =SUMPRODUCT(B4:B150,D4:D150) -> 3.9976963 | M9: Component - Suppliers' Facilities | P9: =SUMPRODUCT(B4:B150,F4:F150) -> 4.2375296
A10: Austria | B10: 3.41 | C10: 0 | D10: =Tabella18[[#This Row],[Percentage of Suppliers - Raw]]/$C$151 -> 0 | E10: 0.0045 | F10: =Tabella18[[#This Row],[Percentage of Supplier''s Facilities - Raw]]/$E$151 -> 0.0045226131
A11: Azerbaijan | B11: 5.21 | C11: 0 | D11: =Tabella18[[#This Row],[Percentage of Suppliers - Raw]]/$C$151 -> 0 | E11: 0 | F11: =Tabella18[[#This Row],[Percentage of Supplier''s Facilities - Raw]]/$E$151 -> 0
A12: Bahrain | B12: 4.26 | C12: 0 | D12: =Tabella18[[#This Row],[Percentage of Suppliers - Raw]]/$C$151 -> 0 | E12: 0 | F12: =Tabella18[[#This Row],[Percentage of Supplier''s Facilities - Raw]]/$E$151 -> 0
A13: Bangladesh | B13: 6.29 | C13: 0 | D13: =Tabella18[[#This Row],[Percentage of Suppliers - Raw]]/$C$151 -> 0 | E13: 0 | F13: =Tabella18[[#This Row],[Percentage of Supplier''s Facilities - Raw]]/$E$151 -> 0
A14: Belarus | B14: 5.45 | C14: 0 | D14: =Tabella18[[#This Row],[Percentage of Suppliers - Raw]]/$C$151 -> 0 | E14: 0 | F14: =Tabella18[[#This Row],[Percentage of Supplier''s Facilities - Raw]]/$E$151 -> 0
A15: Belgium | B15: 3.33 | C15: 0 | D15: =Tabella18[[#This Row],[Percentage of Suppliers - Raw]]/$C$151 -> 0 | E15: 0.0045 | F15: =Tabella18[[#This Row],[Percentage of Supplier''s Facilities - Raw]]/$E$151 -> 0.0045226131
A16: Benin | B16: 6 | C16: 0 | D16: =Tabella18[[#This Row],[Percentage of Suppliers - Raw]]/$C$151 -> 0 | E16: 0 | F16: =Tabella18[[#This Row],[Percentage of Supplier''s Facilities - Raw]]/$E$151 -> 0
A17: Bhutan | B17: 5.02 | C17: 0 | D17: =Tabella18[[#This Row],[Percentage of Suppliers - Raw]]/$C$151 -> 0 | E17: 0 | F17: =Tabella18[[#This Row],[Percentage of Supplier''s Facilities - Raw]]/$E$151 -> 0
A18: Bolivia | B18: 5.41 | C18: 0 | D18: =Tabella18[[#This Row],[Percentage of Suppliers - Raw]]/$C$151 -> 0 | E18: 0 | F18: =Tabella18[[#This Row],[Percentage of Supplier''s Facilities - Raw]]/$E$151 -> 0
A19: Bosnia and Herzegovina | B19: 5.34 | C19: 0 | D19: =Tabella18[[#This Row],[Percentage of Suppliers - Raw]]/$C$151 -> 0 | E19: 0 | F19: =Tabella18[[#This Row],[Percentage of Supplier''s Facilities - Raw]]/$E$151 -> 0
A20: Botswana | B20: 4.34 | C20: 0 | D20: =Tabella18[[#This Row],[Percentage of Suppliers - Raw]]/$C$151 -> 0 | E20: 0 | F20: =Tabella18[[#This Row],[Percentage of Supplier''s Facilities - Raw]]/$E$151 -> 0
A21: Brazil | B21: 5.35 | C21: 0 | D21: =Tabella18[[#This Row],[Percentage of Suppliers - Raw]]/$C$151 -> 0 | E21: 0.045 | F21: =Tabella18[[#This Row],[Percentage of Supplier''s Facilities - Raw]]/$E$151 -> 0.045226131
... A30: Chile | B30: 4.36 | C30: 0 | D30: =Tabella18[[#This Row],[Percentage of Suppliers - Raw]]/$C$151 -> 0 | E30: 0.0315 | F30: =Tabella18[[#This Row],[Percentage of Supplier''s Facilities - Raw]]/$E$151 -> 0.031658291
A31: China | B31: 4.26 | C31: =0.93% + 0.93% -> 0.0186 | D31: =Tabella18[[#This Row],[Percentage of Suppliers - Raw]]/$C$151 -> 0.01876892 | E31: 0.045 | F31: =Tabella18[[#This Row],[Percentage of Supplier''s Facilities - Raw]]/$E$151 -> 0.045226131 | G31: Includes Taiwan
A32: Colombia | B32: 5.72 | C32: 0 | D32: =Tabella18[[#This Row],[Percentage of Suppliers - Raw]]/$C$151 -> 0 | E32: 0.009 | F32: =Tabella18[[#This Row],[Percentage of Supplier''s Facilities - Raw]]/$E$151 -> 0.0090452261
A33: Congo, Rep. | B33: 5.65 | C33: 0 | D33: =Tabella18[[#This Row],[Percentage of Suppliers - Raw]]/$C$151 -> 0 | E33: 0 | F33: =Tabella18[[#This Row],[Percentage of Supplier''s Facilities - Raw]]/$E$151 -> 0
A34: Costa Rica | B34: 4.23 | C34: 0 | D34: =Tabella18[[#This Row],[Percentage of Suppliers - Raw]]/$C$151 -> 0 | E34: 0 | F34: =Tabella18[[#This Row],[Percentage of Supplier''s Facilities - Raw]]/$E$151 -> 0
A35: Cote d'Ivoire | B35: 5.6 | C35: 0 | D35: =Tabella18[[#This Row],[Percentage of Suppliers - Raw]]/$C$151 -> 0 | E35: 0 | F35: =Tabella18[[#This Row],[Percentage of Supplier''s Facilities - Raw]]/$E$151 -> 0
A36: Croatia | B36: 4.28 | C36: 0 | D36: =Tabella18[[#This Row],[Percentage of Suppliers - Raw]]/$C$151 -> 0 | E36: 0.0045 | F36: =Tabella18[[#This Row],[Percentage of Supplier''s Facilities - Raw]]/$E$151 -> 0.0045226131
A37: Cyprus | B37: 4.67 | C37: 0 | D37: =Tabella18[[#This Row],[Percentage of Suppliers - Raw]]/$C$151 -> 0 | E37: 0 | F37: =Tabella18[[#This Row],[Percentage of Supplier''s Facilities - Raw]]/$E$151 -> 0
A38: Czech Republic | B38: 3.75 | C38: 0 | D38: =Tabella18[[#This Row],[Percentage of Suppliers - Raw]]/$C$151 -> 0 | E38: 0.0045 | F38: =Tabella18[[#This Row],[Percentage of Supplier''s Facilities - Raw]]/$E$151 -> 0.0045226131
A39: Denmark | B39: 3.2 | C39: 0 | D39: =Tabella18[[#This Row],[Percentage of Suppliers - Raw]]/$C$151 -> 0 | E39: 0.0045 | F39: =Tabella18[[#This Row],[Percentage of Supplier''s Facilities - Raw]]/$E$151 -> 0.0045226131
A40: Djibouti | B40: 5.98 | C40: 0 | D40: =Tabella18[[#This Row],[Percentage of Suppliers - Raw]]/$C$151 -> 0 | E40: 0 | F40: =Tabella18[[#This Row],[Percentage of Supplier''s Facilities - Raw]]/$E$151 -> 0
A41: Dominican Republic | B41: 4.7 | C41: 0 | D41: =Tabella18[[#This Row],[Percentage of Suppliers - Raw]]/$C$151 -> 0 | E41: 0 | F41: =Tabella18[[#This Row],[Percentage of Supplier''s Facilities - Raw]]/$E$151 -> 0
A42: Ecuador | B42: 5.71 | C42: 0 | D42: =Tabella18[[#This Row],[Percentage of Suppliers - Raw]]/$C$151 -> 0 | E42: 0 | F42: =Tabella18[[#This Row],[Percentage of Supplier''s Facilities - Raw]]/$E$151 -> 0
A43: Egypt | B43: 5.6 | C43: 0 | D43: =Tabella18[[#This Row],[Percentage of Suppliers - Raw]]/$C$151 -> 0 | E43: 0.009 | F43: =Tabella18[[#This Row],[Percentage of Supplier''s Facilities - Raw]]/$E$151 -> 0.0090452261
... A150: Zimbabwe | B150: 6.14 | C150: 0 | D150: =Tabella18[[#This Row],[Percentage of Suppliers - Raw]]/$C$151 -> 0 | E150: 0 | F150: =Tabella18[[#This Row],[Percentage of Supplier''s Facilities - Raw]]/$E$151 -> 0
A151: TOTAL | B151: #N/A | C151: =SUM(C4:C150) -> 0.991 | D151: =Tabella18[[#This Row],[Percentage of Suppliers - Raw]]/$C$151 -> 1 | E151: =SUM(E4:E150) -> 0.995 | F151: =SUM(F4:F150) -> 1

Sheet Country of Suppliers - Tencent
A1: Tencent
A3: Country of Supplier | B3: Country Geopolitical Risk Index | C3: Percentage of Suppliers - Raw | D3: Percentage of Suppliers - Standardized | E3: Percentage of Supplier's Facilities - Raw | F3: Percentage of Supplier's Facilities - Standardizd
A4: Albania | B4: 4.37 | C4: 0 | D4: =Tabella19[[#This Row],[Percentage of Suppliers - Raw]]/$C$151 -> 0 | E4: 0 | F4: =Tabella19[[#This Row],[Percentage of Supplier''s Facilities - Raw]]/$E$151 -> 0
A5: Algeria | B5: 5.21 | C5: 0 | D5: =Tabella19[[#This Row],[Percentage of Suppliers - Raw]]/$C$151 -> 0 | E5: 0 | F5: =Tabella19[[#This Row],[Percentage of Supplier''s Facilities - Raw]]/$E$151 -> 0 | H5: Main Data | M5: Main Data
A6: Angola | B6: 5.63 | C6: 0 | D6: =Tabella19[[#This Row],[Percentage of Suppliers - Raw]]/$C$151 -> 0 | E6: 0 | F6: =Tabella19[[#This Row],[Percentage of Supplier''s Facilities - Raw]]/$E$151 -> 0 | I6: Country | J6: Geopolitical Risk Index | K6: Value | N6: Country | O6: Geopolitical Risk Index | P6: Value
A7: Argentina | B7: 4.36 | C7: 0 | D7: =Tabella19[[#This Row],[Percentage of Suppliers - Raw]]/$C$151 -> 0 | E7: 0 | F7: =Tabella19[[#This Row],[Percentage of Supplier''s Facilities - Raw]]/$E$151 -> 0 | H7: Minimum | I7: =INDEX(A4:A150,MATCH(MIN(D4:D150),D4:D150,0)) -> Albania | J7: =INDEX(B4:B150,MATCH(MIN(D4:D150),D4:D150,0)) -> 4.37 | K7: =INDEX(D4:D150,MATCH(MIN(D4:D150),D4:D150,0)) -> 0 | M7: Minimum | N7: =INDEX(A4:A150,MATCH(MIN(F4:F150),F4:F150,0)) -> Albania | O7: =INDEX(B4:B150,MATCH(MIN(F4:F150),F4:F150,0)) -> 4.37 | P7: =INDEX(F4:F150,MATCH(MIN(F4:F150),F4:F150,0)) -> 0
A8: Armenia | B8: 4.79 | C8: 0 | D8: =Tabella19[[#This Row],[Percentage of Suppliers - Raw]]/$C$151 -> 0 | E8: 0 | F8: =Tabella19[[#This Row],[Percentage of Supplier''s Facilities - Raw]]/$E$151 -> 0 | H8: Maximum | I8: =INDEX(A4:A150,MATCH(MAX(D4:D150),D4:D150,0)) -> China | J8: =INDEX(B4:B150,MATCH(MAX(D4:D150),D4:D150,0)) -> 4.26 | K8: =INDEX(D4:D150,MATCH(MAX(D4:D150),D4:D150,0)) -> 0.73144243 | M8: Maximum | N8: =INDEX(A4:A150,MATCH(MAX(F4:F150),F4:F150,0)) -> China | O8: =INDEX(B4:B150,MATCH(MAX(F4:F150),F4:F150,0)) -> 4.26 | P8: =INDEX(F4:F150,MATCH(MAX(F4:F150),F4:F150,0)) -> 0.58978766
A9: Australia | B9: 3.22 | C9: 0.0037 | D9: =Tabella19[[#This Row],[Percentage of Suppliers - Raw]]/$C$151 -> 0.0039013075 | E9: 0.0039 | F9: =Tabella19[[#This Row],[Percentage of Supplier''s Facilities - Raw]]/$E$151 -> 0.0039433771 | H9: Component - Suppliers | K9: =SUMPRODUCT(B4:B150,D4:D150) -> 4.1219074 | M9: Component - Suppliers' Facilities | P9: =SUMPRODUCT(B4:B150,F4:F150) -> 4.1842032
A10: Austria | B10: 3.41 | C10: 0 | D10: =Tabella19[[#This Row],[Percentage of Suppliers - Raw]]/$C$151 -> 0 | E10: 0 | F10: =Tabella19[[#This Row],[Percentage of Supplier''s Facilities - Raw]]/$E$151 -> 0
A11: Azerbaijan | B11: 5.21 | C11: 0 | D11: =Tabella19[[#This Row],[Percentage of Suppliers - Raw]]/$C$151 -> 0 | E11: 0 | F11: =Tabella19[[#This Row],[Percentage of Supplier''s Facilities - Raw]]/$E$151 -> 0
A12: Bahrain | B12: 4.26 | C12: 0 | D12: =Tabella19[[#This Row],[Percentage of Suppliers - Raw]]/$C$151 -> 0 | E12: 0 | F12: =Tabella19[[#This Row],[Percentage of Supplier''s Facilities - Raw]]/$E$151 -> 0
A13: Bangladesh | B13: 6.29 | C13: 0 | D13: =Tabella19[[#This Row],[Percentage of Suppliers - Raw]]/$C$151 -> 0 | E13: 0 | F13: =Tabella19[[#This Row],[Percentage of Supplier''s Facilities - Raw]]/$E$151 -> 0
A14: Belarus | B14: 5.45 | C14: 0 | D14: =Tabella19[[#This Row],[Percentage of Suppliers - Raw]]/$C$151 -> 0 | E14: 0 | F14: =Tabella19[[#This Row],[Percentage of Supplier''s Facilities - Raw]]/$E$151 -> 0
A15: Belgium | B15: 3.33 | C15: 0 | D15: =Tabella19[[#This Row],[Percentage of Suppliers - Raw]]/$C$151 -> 0 | E15: 0 | F15: =Tabella19[[#This Row],[Percentage of Supplier''s Facilities - Raw]]/$E$151 -> 0
A16: Benin | B16: 6 | C16: 0 | D16: =Tabella19[[#This Row],[Percentage of Suppliers - Raw]]/$C$151 -> 0 | E16: 0 | F16: =Tabella19[[#This Row],[Percentage of Supplier''s Facilities - Raw]]/$E$151 -> 0
A17: Bhutan | B17: 5.02 | C17: 0 | D17: =Tabella19[[#This Row],[Percentage of Suppliers - Raw]]/$C$151 -> 0 | E17: 0 | F17: =Tabella19[[#This Row],[Percentage of Supplier''s Facilities - Raw]]/$E$151 -> 0
A18: Bolivia | B18: 5.41 | C18: 0 | D18: =Tabella19[[#This Row],[Percentage of Suppliers - Raw]]/$C$151 -> 0 | E18: 0 | F18: =Tabella19[[#This Row],[Percentage of Supplier''s Facilities - Raw]]/$E$151 -> 0
A19: Bosnia and Herzegovina | B19: 5.34 | C19: 0 | D19: =Tabella19[[#This Row],[Percentage of Suppliers - Raw]]/$C$151 -> 0 | E19: 0 | F19: =Tabella19[[#This Row],[Percentage of Supplier''s Facilities - Raw]]/$E$151 -> 0
A20: Botswana | B20: 4.34 | C20: 0 | D20: =Tabella19[[#This Row],[Percentage of Suppliers - Raw]]/$C$151 -> 0 | E20: 0 | F20: =Tabella19[[#This Row],[Percentage of Supplier''s Facilities - Raw]]/$E$151 -> 0
A21: Brazil | B21: 5.35 | C21: 0 | D21: =Tabella19[[#This Row],[Percentage of Suppliers - Raw]]/$C$151 -> 0 | E21: 0.0069 | F21: =Tabella19[[#This Row],[Percentage of Supplier''s Facilities - Raw]]/$E$151 -> 0.0069767442
... A30: Chile | B30: 4.36 | C30: 0 | D30: =Tabella19[[#This Row],[Percentage of Suppliers - Raw]]/$C$151 -> 0 | E30: 0 | F30: =Tabella19[[#This Row],[Percentage of Supplier''s Facilities - Raw]]/$E$151 -> 0
A31: China | B31: 4.26 | C31: =66.05% + 3.32% -> 0.6937 | D31: =Tabella19[[#This Row],[Percentage of Suppliers - Raw]]/$C$151 -> 0.73144243 | E31: 0.5833 | F31: =Tabella19[[#This Row],[Percentage of Supplier''s Facilities - Raw]]/$E$151 -> 0.58978766 | G31: Includes Taiwan
A32: Colombia | B32: 5.72 | C32: 0 | D32: =Tabella19[[#This Row],[Percentage of Suppliers - Raw]]/$C$151 -> 0 | E32: 0 | F32: =Tabella19[[#This Row],[Percentage of Supplier''s Facilities - Raw]]/$E$151 -> 0
A33: Congo, Rep. | B33: 5.65 | C33: 0 | D33: =Tabella19[[#This Row],[Percentage of Suppliers - Raw]]/$C$151 -> 0 | E33: 0 | F33: =Tabella19[[#This Row],[Percentage of Supplier''s Facilities - Raw]]/$E$151 -> 0
A34: Costa Rica | B34: 4.23 | C34: 0 | D34: =Tabella19[[#This Row],[Percentage of Suppliers - Raw]]/$C$151 -> 0 | E34: 0.0029 | F34: =Tabella19[[#This Row],[Percentage of Supplier''s Facilities - Raw]]/$E$151 -> 0.0029322548
A35: Cote d'Ivoire | B35: 5.6 | C35: 0 | D35: =Tabella19[[#This Row],[Percentage of Suppliers - Raw]]/$C$151 -> 0 | E35: 0 | F35: =Tabella19[[#This Row],[Percentage of Supplier''s Facilities - Raw]]/$E$151 -> 0
A36: Croatia | B36: 4.28 | C36: 0 | D36: =Tabella19[[#This Row],[Percentage of Suppliers - Raw]]/$C$151 -> 0 | E36: 0.001 | F36: =Tabella19[[#This Row],[Percentage of Supplier''s Facilities - Raw]]/$E$151 -> 0.0010111223
A37: Cyprus | B37: 4.67 | C37: 0 | D37: =Tabella19[[#This Row],[Percentage of Suppliers - Raw]]/$C$151 -> 0 | E37: 0 | F37: =Tabella19[[#This Row],[Percentage of Supplier''s Facilities - Raw]]/$E$151 -> 0
A38: Czech Republic | B38: 3.75 | C38: 0 | D38: =Tabella19[[#This Row],[Percentage of Suppliers - Raw]]/$C$151 -> 0 | E38: 0.0029 | F38: =Tabella19[[#This Row],[Percentage of Supplier''s Facilities - Raw]]/$E$151 -> 0.0029322548
A39: Denmark | B39: 3.2 | C39: 0 | D39: =Tabella19[[#This Row],[Percentage of Suppliers - Raw]]/$C$151 -> 0 | E39: 0.001 | F39: =Tabella19[[#This Row],[Percentage of Supplier''s Facilities - Raw]]/$E$151 -> 0.0010111223
A40: Djibouti | B40: 5.98 | C40: 0 | D40: =Tabella19[[#This Row],[Percentage of Suppliers - Raw]]/$C$151 -> 0 | E40: 0 | F40: =Tabella19[[#This Row],[Percentage of Supplier''s Facilities - Raw]]/$E$151 -> 0
A41: Dominican Republic | B41: 4.7 | C41: 0 | D41: =Tabella19[[#This Row],[Percentage of Suppliers - Raw]]/$C$151 -> 0 | E41: 0 | F41: =Tabella19[[#This Row],[Percentage of Supplier''s Facilities - Raw]]/$E$151 -> 0
A42: Ecuador | B42: 5.71 | C42: 0 | D42: =Tabella19[[#This Row],[Percentage of Suppliers - Raw]]/$C$151 -> 0 | E42: 0 | F42: =Tabella19[[#This Row],[Percentage of Supplier''s Facilities - Raw]]/$E$151 -> 0
A43: Egypt | B43: 5.6 | C43: 0 | D43: =Tabella19[[#This Row],[Percentage of Suppliers - Raw]]/$C$151 -> 0 | E43: 0.001 | F43: =Tabella19[[#This Row],[Percentage of Supplier''s Facilities - Raw]]/$E$151 -> 0.0010111223
... A150: Zimbabwe | B150: 6.14 | C150: 0 | D150: =Tabella19[[#This Row],[Percentage of Suppliers - Raw]]/$C$151 -> 0 | E150: 0 | F150: =Tabella19[[#This Row],[Percentage of Supplier''s Facilities - Raw]]/$E$151 -> 0
A151: TOTAL | B151: #N/A | C151: =SUM(C4:C150) -> 0.9484 | D151: =Tabella19[[#This Row],[Percentage of Suppliers - Raw]]/$C$151 -> 1 | E151: =SUM(E4:E150) -> 0.989 | F151: =SUM(F4:F150) -> 1

Sheet Country of Suppliers - Reliance
A1: Reliance Industries
A3: Country of Supplier | B3: Country Geopolitical Risk Index | C3: Percentage of Suppliers - Raw | D3: Percentage of Suppliers - Standardized | E3: Percentage of Supplier's Facilities - Raw | F3: Percentage of Supplier's Facilities - Standardizd
A4: Albania | B4: 4.37 | C4: 0 | D4: =Tabella110[[#This Row],[Percentage of Suppliers - Raw]]/$C$151 -> 0 | E4: 0 | F4: =Tabella110[[#This Row],[Percentage of Supplier''s Facilities - Raw]]/$E$151 -> 0
A5: Algeria | B5: 5.21 | C5: 0 | D5: =Tabella110[[#This Row],[Percentage of Suppliers - Raw]]/$C$151 -> 0 | E5: 0.0004 | F5: =Tabella110[[#This Row],[Percentage of Supplier''s Facilities - Raw]]/$E$151 -> 0.00040128411 | H5: Main Data | M5: Main Data
A6: Angola | B6: 5.63 | C6: 0 | D6: =Tabella110[[#This Row],[Percentage of Suppliers - Raw]]/$C$151 -> 0 | E6: 0 | F6: =Tabella110[[#This Row],[Percentage of Supplier''s Facilities - Raw]]/$E$151 -> 0 | I6: Country | J6: Geopolitical Risk Index | K6: Value | N6: Country | O6: Geopolitical Risk Index | P6: Value
A7: Argentina | B7: 4.36 | C7: 0 | D7: =Tabella110[[#This Row],[Percentage of Suppliers - Raw]]/$C$151 -> 0 | E7: 0.0012 | F7: =Tabella110[[#This Row],[Percentage of Supplier''s Facilities - Raw]]/$E$151 -> 0.0012038523 | H7: Minimum | I7: =INDEX(A4:A150,MATCH(MIN(D4:D150),D4:D150,0)) -> Albania | J7: =INDEX(B4:B150,MATCH(MIN(D4:D150),D4:D150,0)) -> 4.37 | K7: =INDEX(D4:D150,MATCH(MIN(D4:D150),D4:D150,0)) -> 0 | M7: Minimum | N7: =INDEX(A4:A150,MATCH(MIN(F4:F150),F4:F150,0)) -> Albania | O7: =INDEX(B4:B150,MATCH(MIN(F4:F150),F4:F150,0)) -> 4.37 | P7: =INDEX(F4:F150,MATCH(MIN(F4:F150),F4:F150,0)) -> 0
A8: Armenia | B8: 4.79 | C8: 0 | D8: =Tabella110[[#This Row],[Percentage of Suppliers - Raw]]/$C$151 -> 0 | E8: 0 | F8: =Tabella110[[#This Row],[Percentage of Supplier''s Facilities - Raw]]/$E$151 -> 0 | H8: Maximum | I8: =INDEX(A4:A150,MATCH(MAX(D4:D150),D4:D150,0)) -> India | J8: =INDEX(B4:B150,MATCH(MAX(D4:D150),D4:D150,0)) -> 5.07 | K8: =INDEX(D4:D150,MATCH(MAX(D4:D150),D4:D150,0)) -> 0.69736975 | M8: Maximum | N8: =INDEX(A4:A150,MATCH(MAX(F4:F150),F4:F150,0)) -> India | O8: =INDEX(B4:B150,MATCH(MAX(F4:F150),F4:F150,0)) -> 5.07 | P8: =INDEX(F4:F150,MATCH(MAX(F4:F150),F4:F150,0)) -> 0.36958266
A9: Australia | B9: 3.22 | C9: 0 | D9: =Tabella110[[#This Row],[Percentage of Suppliers - Raw]]/$C$151 -> 0 | E9: 0.0124 | F9: =Tabella110[[#This Row],[Percentage of Supplier''s Facilities - Raw]]/$E$151 -> 0.012439807 | H9: Component - Suppliers | K9: =SUMPRODUCT(B4:B150,D4:D150) -> 4.7468175 | M9: Component - Suppliers' Facilities | P9: =SUMPRODUCT(B4:B150,F4:F150) -> 4.4696098
A10: Austria | B10: 3.41 | C10: 0 | D10: =Tabella110[[#This Row],[Percentage of Suppliers - Raw]]/$C$151 -> 0 | E10: 0.0016 | F10: =Tabella110[[#This Row],[Percentage of Supplier''s Facilities - Raw]]/$E$151 -> 0.0016051364
A11: Azerbaijan | B11: 5.21 | C11: 0 | D11: =Tabella110[[#This Row],[Percentage of Suppliers - Raw]]/$C$151 -> 0 | E11: 0 | F11: =Tabella110[[#This Row],[Percentage of Supplier''s Facilities - Raw]]/$E$151 -> 0
A12: Bahrain | B12: 4.26 | C12: 0 | D12: =Tabella110[[#This Row],[Percentage of Suppliers - Raw]]/$C$151 -> 0 | E12: 0 | F12: =Tabella110[[#This Row],[Percentage of Supplier''s Facilities - Raw]]/$E$151 -> 0
A13: Bangladesh | B13: 6.29 | C13: 0.0038 | D13: =Tabella110[[#This Row],[Percentage of Suppliers - Raw]]/$C$151 -> 0.0038294871 | E13: 0.0029 | F13: =Tabella110[[#This Row],[Percentage of Supplier''s Facilities - Raw]]/$E$151 -> 0.0029093098
A14: Belarus | B14: 5.45 | C14: 0 | D14: =Tabella110[[#This Row],[Percentage of Suppliers - Raw]]/$C$151 -> 0 | E14: 0 | F14: =Tabella110[[#This Row],[Percentage of Supplier''s Facilities - Raw]]/$E$151 -> 0
A15: Belgium | B15: 3.33 | C15: 0.0076 | D15: =Tabella110[[#This Row],[Percentage of Suppliers - Raw]]/$C$151 -> 0.0076589741 | E15: 0.0041 | F15: =Tabella110[[#This Row],[Percentage of Supplier''s Facilities - Raw]]/$E$151 -> 0.0041131621
A16: Benin | B16: 6 | C16: 0 | D16: =Tabella110[[#This Row],[Percentage of Suppliers - Raw]]/$C$151 -> 0 | E16: 0 | F16: =Tabella110[[#This Row],[Percentage of Supplier''s Facilities - Raw]]/$E$151 -> 0
A17: Bhutan | B17: 5.02 | C17: 0 | D17: =Tabella110[[#This Row],[Percentage of Suppliers - Raw]]/$C$151 -> 0 | E17: 0 | F17: =Tabella110[[#This Row],[Percentage of Supplier''s Facilities - Raw]]/$E$151 -> 0
A18: Bolivia | B18: 5.41 | C18: 0 | D18: =Tabella110[[#This Row],[Percentage of Suppliers - Raw]]/$C$151 -> 0 | E18: 0 | F18: =Tabella110[[#This Row],[Percentage of Supplier''s Facilities - Raw]]/$E$151 -> 0
A19: Bosnia and Herzegovina | B19: 5.34 | C19: 0 | D19: =Tabella110[[#This Row],[Percentage of Suppliers - Raw]]/$C$151 -> 0 | E19: 0 | F19: =Tabella110[[#This Row],[Percentage of Supplier''s Facilities - Raw]]/$E$151 -> 0
A20: Botswana | B20: 4.34 | C20: 0 | D20: =Tabella110[[#This Row],[Percentage of Suppliers - Raw]]/$C$151 -> 0 | E20: 0 | F20: =Tabella110[[#This Row],[Percentage of Supplier''s Facilities - Raw]]/$E$151 -> 0
A21: Brazil | B21: 5.35 | C21: 0 | D21: =Tabella110[[#This Row],[Percentage of Suppliers - Raw]]/$C$151 -> 0 | E21: 0.0124 | F21: =Tabella110[[#This Row],[Percentage of Supplier''s Facilities - Raw]]/$E$151 -> 0.012439807
... A30: Chile | B30: 4.36 | C30: 0 | D30: =Tabella110[[#This Row],[Percentage of Suppliers - Raw]]/$C$151 -> 0 | E30: 0.0016 | F30: =Tabella110[[#This Row],[Percentage of Supplier''s Facilities - Raw]]/$E$151 -> 0.0016051364
A31: China | B31: 4.26 | C31: =5.32% + 0.76% -> 0.0608 | D31: =Tabella110[[#This Row],[Percentage of Suppliers - Raw]]/$C$151 -> 0.061271793 | E31: 0.0791 | F31: =Tabella110[[#This Row],[Percentage of Supplier''s Facilities - Raw]]/$E$151 -> 0.079353933 | G31: Includes Taiwan
A32: Colombia | B32: 5.72 | C32: 0 | D32: =Tabella110[[#This Row],[Percentage of Suppliers - Raw]]/$C$151 -> 0 | E32: 0.0016 | F32: =Tabella110[[#This Row],[Percentage of Supplier''s Facilities - Raw]]/$E$151 -> 0.0016051364
A33: Congo, Rep. | B33: 5.65 | C33: 0 | D33: =Tabella110[[#This Row],[Percentage of Suppliers - Raw]]/$C$151 -> 0 | E33: 0 | F33: =Tabella110[[#This Row],[Percentage of Supplier''s Facilities - Raw]]/$E$151 -> 0
A34: Costa Rica | B34: 4.23 | C34: 0 | D34: =Tabella110[[#This Row],[Percentage of Suppliers - Raw]]/$C$151 -> 0 | E34: 0.0029 | F34: =Tabella110[[#This Row],[Percentage of Supplier''s Facilities - Raw]]/$E$151 -> 0.0029093098
A35: Cote d'Ivoire | B35: 5.6 | C35: 0 | D35: =Tabella110[[#This Row],[Percentage of Suppliers - Raw]]/$C$151 -> 0 | E35: 0 | F35: =Tabella110[[#This Row],[Percentage of Supplier''s Facilities - Raw]]/$E$151 -> 0
A36: Croatia | B36: 4.28 | C36: 0 | D36: =Tabella110[[#This Row],[Percentage of Suppliers - Raw]]/$C$151 -> 0 | E36: 0.0008 | F36: =Tabella110[[#This Row],[Percentage of Supplier''s Facilities - Raw]]/$E$151 -> 0.00080256822
A37: Cyprus | B37: 4.67 | C37: 0 | D37: =Tabella110[[#This Row],[Percentage of Suppliers - Raw]]/$C$151 -> 0 | E37: 0 | F37: =Tabella110[[#This Row],[Percentage of Supplier''s Facilities - Raw]]/$E$151 -> 0
A38: Czech Republic | B38: 3.75 | C38: 0 | D38: =Tabella110[[#This Row],[Percentage of Suppliers - Raw]]/$C$151 -> 0 | E38: 0.0041 | F38: =Tabella110[[#This Row],[Percentage of Supplier''s Facilities - Raw]]/$E$151 -> 0.0041131621
A39: Denmark | B39: 3.2 | C39: 0.0038 | D39: =Tabella110[[#This Row],[Percentage of Suppliers - Raw]]/$C$151 -> 0.0038294871 | E39: 0.0029 | F39: =Tabella110[[#This Row],[Percentage of Supplier''s Facilities - Raw]]/$E$151 -> 0.0029093098
A40: Djibouti | B40: 5.98 | C40: 0 | D40: =Tabella110[[#This Row],[Percentage of Suppliers - Raw]]/$C$151 -> 0 | E40: 0 | F40: =Tabella110[[#This Row],[Percentage of Supplier''s Facilities - Raw]]/$E$151 -> 0
A41: Dominican Republic | B41: 4.7 | C41: 0 | D41: =Tabella110[[#This Row],[Percentage of Suppliers - Raw]]/$C$151 -> 0 | E41: 0.0012 | F41: =Tabella110[[#This Row],[Percentage of Supplier''s Facilities - Raw]]/$E$151 -> 0.0012038523
A42: Ecuador | B42: 5.71 | C42: 0 | D42: =Tabella110[[#This Row],[Percentage of Suppliers - Raw]]/$C$151 -> 0 | E42: 0.0004 | F42: =Tabella110[[#This Row],[Percentage of Supplier''s Facilities - Raw]]/$E$151 -> 0.00040128411
A43: Egypt | B43: 5.6 | C43: 0 | D43: =Tabella110[[#This Row],[Percentage of Suppliers - Raw]]/$C$151 -> 0 | E43: 0.0033 | F43: =Tabella110[[#This Row],[Percentage of Supplier''s Facilities - Raw]]/$E$151 -> 0.0033105939
... A150: Zimbabwe | B150: 6.14 | C150: 0 | D150: =Tabella110[[#This Row],[Percentage of Suppliers - Raw]]/$C$151 -> 0 | E150: 0 | F150: =Tabella110[[#This Row],[Percentage of Supplier''s Facilities - Raw]]/$E$151 -> 0
A151: TOTAL | B151: #N/A | C151: =SUM(C4:C150) -> 0.9923 | D151: =Tabella110[[#This Row],[Percentage of Suppliers - Raw]]/$C$151 -> 1 | E151: =SUM(E4:E150) -> 0.9968 | F151: =SUM(F4:F150) -> 1

Sheet Country of Suppliers - Total En
A1: Total Energies
A3: Country of Supplier | B3: Country Geopolitical Risk Index | C3: Percentage of Suppliers - Raw | D3: Percentage of Suppliers - Standardized | E3: Percentage of Supplier's Facilities - Raw | F3: Percentage of Supplier's Facilities - Standardizd
A4: Albania | B4: 4.37 | C4: 0 | D4: =Tabella111[[#This Row],[Percentage of Suppliers - Raw]]/$C$151 -> 0 | E4: 0 | F4: =Tabella111[[#This Row],[Percentage of Supplier''s Facilities - Raw]]/$E$151 -> 0
A5: Algeria | B5: 5.21 | C5: 0 | D5: =Tabella111[[#This Row],[Percentage of Suppliers - Raw]]/$C$151 -> 0 | E5: 0.0002 | F5: =Tabella111[[#This Row],[Percentage of Supplier''s Facilities - Raw]]/$E$151 -> 0.00020126799 | H5: Main Data | M5: Main Data
A6: Angola | B6: 5.63 | C6: 0.0039 | D6: =Tabella111[[#This Row],[Percentage of Suppliers - Raw]]/$C$151 -> 0.0040718313 | E6: 0.0024 | F6: =Tabella111[[#This Row],[Percentage of Supplier''s Facilities - Raw]]/$E$151 -> 0.0024152159 | I6: Country | J6: Geopolitical Risk Index | K6: Value | N6: Country | O6: Geopolitical Risk Index | P6: Value
A7: Argentina | B7: 4.36 | C7: 0.0078 | D7: =Tabella111[[#This Row],[Percentage of Suppliers - Raw]]/$C$151 -> 0.0081436626 | E7: 0.0063 | F7: =Tabella111[[#This Row],[Percentage of Supplier''s Facilities - Raw]]/$E$151 -> 0.0063399416 | H7: Minimum | I7: =INDEX(A4:A150,MATCH(MIN(D4:D150),D4:D150,0)) -> Albania | J7: =INDEX(B4:B150,MATCH(MIN(D4:D150),D4:D150,0)) -> 4.37 | K7: =INDEX(D4:D150,MATCH(MIN(D4:D150),D4:D150,0)) -> 0 | M7: Minimum | N7: =INDEX(A4:A150,MATCH(MIN(F4:F150),F4:F150,0)) -> Albania | O7: =INDEX(B4:B150,MATCH(MIN(F4:F150),F4:F150,0)) -> 4.37 | P7: =INDEX(F4:F150,MATCH(MIN(F4:F150),F4:F150,0)) -> 0
A8: Armenia | B8: 4.79 | C8: 0 | D8: =Tabella111[[#This Row],[Percentage of Suppliers - Raw]]/$C$151 -> 0 | E8: 0 | F8: =Tabella111[[#This Row],[Percentage of Supplier''s Facilities - Raw]]/$E$151 -> 0 | H8: Maximum | I8: =INDEX(A4:A150,MATCH(MAX(D4:D150),D4:D150,0)) -> United States | J8: =INDEX(B4:B150,MATCH(MAX(D4:D150),D4:D150,0)) -> 4.19 | K8: =INDEX(D4:D150,MATCH(MAX(D4:D150),D4:D150,0)) -> 0.17801211 | M8: Maximum | N8: =INDEX(A4:A150,MATCH(MAX(F4:F150),F4:F150,0)) -> United States | O8: =INDEX(B4:B150,MATCH(MAX(F4:F150),F4:F150,0)) -> 4.19 | P8: =INDEX(F4:F150,MATCH(MAX(F4:F150),F4:F150,0)) -> 0.26537184
A9: Australia | B9: 3.22 | C9: 0.0116 | D9: =Tabella111[[#This Row],[Percentage of Suppliers - Raw]]/$C$151 -> 0.012111088 | E9: 0.0134 | F9: =Tabella111[[#This Row],[Percentage of Supplier''s Facilities - Raw]]/$E$151 -> 0.013484955 | H9: Component - Suppliers | K9: =SUMPRODUCT(B4:B150,D4:D150) -> 4.0376206 | M9: Component - Suppliers' Facilities | P9: =SUMPRODUCT(B4:B150,F4:F150) -> 4.0256848
A10: Austria | B10: 3.41 | C10: 0.0078 | D10: =Tabella111[[#This Row],[Percentage of Suppliers - Raw]]/$C$151 -> 0.0081436626 | E10: 0.0039 | F10: =Tabella111[[#This Row],[Percentage of Supplier''s Facilities - Raw]]/$E$151 -> 0.0039247258
A11: Azerbaijan | B11: 5.21 | C11: 0 | D11: =Tabella111[[#This Row],[Percentage of Suppliers - Raw]]/$C$151 -> 0 | E11: 0.0003 | F11: =Tabella111[[#This Row],[Percentage of Supplier''s Facilities - Raw]]/$E$151 -> 0.00030190198
A12: Bahrain | B12: 4.26 | C12: 0 | D12: =Tabella111[[#This Row],[Percentage of Suppliers - Raw]]/$C$151 -> 0 | E12: 0.0003 | F12: =Tabella111[[#This Row],[Percentage of Supplier''s Facilities - Raw]]/$E$151 -> 0.00030190198
A13: Bangladesh | B13: 6.29 | C13: 0 | D13: =Tabella111[[#This Row],[Percentage of Suppliers - Raw]]/$C$151 -> 0 | E13: 0 | F13: =Tabella111[[#This Row],[Percentage of Supplier''s Facilities - Raw]]/$E$151 -> 0
A14: Belarus | B14: 5.45 | C14: 0 | D14: =Tabella111[[#This Row],[Percentage of Suppliers - Raw]]/$C$151 -> 0 | E14: 0 | F14: =Tabella111[[#This Row],[Percentage of Supplier''s Facilities - Raw]]/$E$151 -> 0
A15: Belgium | B15: 3.33 | C15: 0.0116 | D15: =Tabella111[[#This Row],[Percentage of Suppliers - Raw]]/$C$151 -> 0.012111088 | E15: 0.0056 | F15: =Tabella111[[#This Row],[Percentage of Supplier''s Facilities - Raw]]/$E$151 -> 0.0056355037
A16: Benin | B16: 6 | C16: 0 | D16: =Tabella111[[#This Row],[Percentage of Suppliers - Raw]]/$C$151 -> 0 | E16: 0.0002 | F16: =Tabella111[[#This Row],[Percentage of Supplier''s Facilities - Raw]]/$E$151 -> 0.00020126799
A17: Bhutan | B17: 5.02 | C17: 0 | D17: =Tabella111[[#This Row],[Percentage of Suppliers - Raw]]/$C$151 -> 0 | E17: 0 | F17: =Tabella111[[#This Row],[Percentage of Supplier''s Facilities - Raw]]/$E$151 -> 0
A18: Bolivia | B18: 5.41 | C18: 0 | D18: =Tabella111[[#This Row],[Percentage of Suppliers - Raw]]/$C$151 -> 0 | E18: 0.0002 | F18: =Tabella111[[#This Row],[Percentage of Supplier''s Facilities - Raw]]/$E$151 -> 0.00020126799
A19: Bosnia and Herzegovina | B19: 5.34 | C19: 0 | D19: =Tabella111[[#This Row],[Percentage of Suppliers - Raw]]/$C$151 -> 0 | E19: 0 | F19: =Tabella111[[#This Row],[Percentage of Supplier''s Facilities - Raw]]/$E$151 -> 0
A20: Botswana | B20: 4.34 | C20: 0 | D20: =Tabella111[[#This Row],[Percentage of Suppliers - Raw]]/$C$151 -> 0 | E20: 0.0002 | F20: =Tabella111[[#This Row],[Percentage of Supplier''s Facilities - Raw]]/$E$151 -> 0.00020126799
A21: Brazil | B21: 5.35 | C21: 0.0116 | D21: =Tabella111[[#This Row],[Percentage of Suppliers - Raw]]/$C$151 -> 0.012111088 | E21: 0.0141 | F21: =Tabella111[[#This Row],[Percentage of Supplier''s Facilities - Raw]]/$E$151 -> 0.014189393
... A30: Chile | B30: 4.36 | C30: 0 | D30: =Tabella111[[#This Row],[Percentage of Suppliers - Raw]]/$C$151 -> 0 | E30: 0.0122 | F30: =Tabella111[[#This Row],[Percentage of Supplier''s Facilities - Raw]]/$E$151 -> 0.012277347
A31: China | B31: 4.26 | C31: =12.02% + 1.55% -> 0.1357 | D31: =Tabella111[[#This Row],[Percentage of Suppliers - Raw]]/$C$151 -> 0.14167885 | E31: 0.0952 | F31: =Tabella111[[#This Row],[Percentage of Supplier''s Facilities - Raw]]/$E$151 -> 0.095803562 | G31: Includes Taiwan
A32: Colombia | B32: 5.72 | C32: 0 | D32: =Tabella111[[#This Row],[Percentage of Suppliers - Raw]]/$C$151 -> 0 | E32: 0.0034 | F32: =Tabella111[[#This Row],[Percentage of Supplier''s Facilities - Raw]]/$E$151 -> 0.0034215558
A33: Congo, Rep. | B33: 5.65 | C33: 0 | D33: =Tabella111[[#This Row],[Percentage of Suppliers - Raw]]/$C$151 -> 0 | E33: 0.0001 | F33: =Tabella111[[#This Row],[Percentage of Supplier''s Facilities - Raw]]/$E$151 -> 0.00010063399
A34: Costa Rica | B34: 4.23 | C34: 0 | D34: =Tabella111[[#This Row],[Percentage of Suppliers - Raw]]/$C$151 -> 0 | E34: 0 | F34: =Tabella111[[#This Row],[Percentage of Supplier''s Facilities - Raw]]/$E$151 -> 0
A35: Cote d'Ivoire | B35: 5.6 | C35: 0 | D35: =Tabella111[[#This Row],[Percentage of Suppliers - Raw]]/$C$151 -> 0 | E35: 0.0002 | F35: =Tabella111[[#This Row],[Percentage of Supplier''s Facilities - Raw]]/$E$151 -> 0.00020126799
A36: Croatia | B36: 4.28 | C36: 0 | D36: =Tabella111[[#This Row],[Percentage of Suppliers - Raw]]/$C$151 -> 0 | E36: 0.0003 | F36: =Tabella111[[#This Row],[Percentage of Supplier''s Facilities - Raw]]/$E$151 -> 0.00030190198
A37: Cyprus | B37: 4.67 | C37: 0 | D37: =Tabella111[[#This Row],[Percentage of Suppliers - Raw]]/$C$151 -> 0 | E37: 0.0003 | F37: =Tabella111[[#This Row],[Percentage of Supplier''s Facilities - Raw]]/$E$151 -> 0.00030190198
A38: Czech Republic | B38: 3.75 | C38: 0 | D38: =Tabella111[[#This Row],[Percentage of Suppliers - Raw]]/$C$151 -> 0 | E38: 0.0054 | F38: =Tabella111[[#This Row],[Percentage of Supplier''s Facilities - Raw]]/$E$151 -> 0.0054342357
A39: Denmark | B39: 3.2 | C39: 0.0039 | D39: =Tabella111[[#This Row],[Percentage of Suppliers - Raw]]/$C$151 -> 0.0040718313 | E39: 0.0032 | F39: =Tabella111[[#This Row],[Percentage of Supplier''s Facilities - Raw]]/$E$151 -> 0.0032202878
A40: Djibouti | B40: 5.98 | C40: 0 | D40: =Tabella111[[#This Row],[Percentage of Suppliers - Raw]]/$C$151 -> 0 | E40: 0 | F40: =Tabella111[[#This Row],[Percentage of Supplier''s Facilities - Raw]]/$E$151 -> 0
A41: Dominican Republic | B41: 4.7 | C41: 0 | D41: =Tabella111[[#This Row],[Percentage of Suppliers - Raw]]/$C$151 -> 0 | E41: 0 | F41: =Tabella111[[#This Row],[Percentage of Supplier''s Facilities - Raw]]/$E$151 -> 0
A42: Ecuador | B42: 5.71 | C42: 0 | D42: =Tabella111[[#This Row],[Percentage of Suppliers - Raw]]/$C$151 -> 0 | E42: 0.0019 | F42: =Tabella111[[#This Row],[Percentage of Supplier''s Facilities - Raw]]/$E$151 -> 0.0019120459
A43: Egypt | B43: 5.6 | C43: 0.0039 | D43: =Tabella111[[#This Row],[Percentage of Suppliers - Raw]]/$C$151 -> 0.0040718313 | E43: 0.0015 | F43: =Tabella111[[#This Row],[Percentage of Supplier''s Facilities - Raw]]/$E$151 -> 0.0015095099
... A150: Zimbabwe | B150: 6.14 | C150: 0 | D150: =Tabella111[[#This Row],[Percentage of Suppliers - Raw]]/$C$151 -> 0 | E150: 0.0002 | F150: =Tabella111[[#This Row],[Percentage of Supplier''s Facilities - Raw]]/$E$151 -> 0.00020126799
A151: TOTAL | B151: #N/A | C151: =SUM(C4:C150) -> 0.9578 | D151: =Tabella111[[#This Row],[Percentage of Suppliers - Raw]]/$C$151 -> 1 | E151: =SUM(E4:E150) -> 0.9937 | F151: =SUM(F4:F150) -> 1

Sheet Country of Suppliers - P&G
A1: Procter & Gamble
A3: Country of Supplier | B3: Country Geopolitical Risk Index | C3: Percentage of Suppliers - Raw | D3: Percentage of Suppliers - Standardized | E3: Percentage of Supplier's Facilities - Raw | F3: Percentage of Supplier's Facilities - Standardizd
A4: Albania | B4: 4.37 | C4: 0 | D4: =Tabella112[[#This Row],[Percentage of Suppliers - Raw]]/$C$151 -> 0 | E4: 0.0001 | F4: =Tabella112[[#This Row],[Percentage of Supplier''s Facilities - Raw]]/$E$151 -> 0.00010121457
A5: Algeria | B5: 5.21 | C5: 0 | D5: =Tabella112[[#This Row],[Percentage of Suppliers - Raw]]/$C$151 -> 0 | E5: 0.0012 | F5: =Tabella112[[#This Row],[Percentage of Supplier''s Facilities - Raw]]/$E$151 -> 0.0012145749 | H5: Main Data | M5: Main Data
A6: Angola | B6: 5.63 | C6: 0 | D6: =Tabella112[[#This Row],[Percentage of Suppliers - Raw]]/$C$151 -> 0 | E6: 0.0011 | F6: =Tabella112[[#This Row],[Percentage of Supplier''s Facilities - Raw]]/$E$151 -> 0.0011133603 | I6: Country | J6: Geopolitical Risk Index | K6: Value | N6: Country | O6: Geopolitical Risk Index | P6: Value
A7: Argentina | B7: 4.36 | C7: 0 | D7: =Tabella112[[#This Row],[Percentage of Suppliers - Raw]]/$C$151 -> 0 | E7: 0.0057 | F7: =Tabella112[[#This Row],[Percentage of Supplier''s Facilities - Raw]]/$E$151 -> 0.0057692308 | H7: Minimum | I7: =INDEX(A4:A150,MATCH(MIN(D4:D150),D4:D150,0)) -> Albania | J7: =INDEX(B4:B150,MATCH(MIN(D4:D150),D4:D150,0)) -> 4.37 | K7: =INDEX(D4:D150,MATCH(MIN(D4:D150),D4:D150,0)) -> 0 | M7: Minimum | N7: =INDEX(A4:A150,MATCH(MIN(F4:F150),F4:F150,0)) -> Armenia | O7: =INDEX(B4:B150,MATCH(MIN(F4:F150),F4:F150,0)) -> 4.79 | P7: =INDEX(F4:F150,MATCH(MIN(F4:F150),F4:F150,0)) -> 0
A8: Armenia | B8: 4.79 | C8: 0 | D8: =Tabella112[[#This Row],[Percentage of Suppliers - Raw]]/$C$151 -> 0 | E8: 0 | F8: =Tabella112[[#This Row],[Percentage of Supplier''s Facilities - Raw]]/$E$151 -> 0 | H8: Maximum | I8: =INDEX(A4:A150,MATCH(MAX(D4:D150),D4:D150,0)) -> United States | J8: =INDEX(B4:B150,MATCH(MAX(D4:D150),D4:D150,0)) -> 4.19 | K8: =INDEX(D4:D150,MATCH(MAX(D4:D150),D4:D150,0)) -> 0.30991736 | M8: Maximum | N8: =INDEX(A4:A150,MATCH(MAX(F4:F150),F4:F150,0)) -> United States | O8: =INDEX(B4:B150,MATCH(MAX(F4:F150),F4:F150,0)) -> 4.19 | P8: =INDEX(F4:F150,MATCH(MAX(F4:F150),F4:F150,0)) -> 0.3541498
A9: Australia | B9: 3.22 | C9: 0.004 | D9: =Tabella112[[#This Row],[Percentage of Suppliers - Raw]]/$C$151 -> 0.0041322314 | E9: 0.0121 | F9: =Tabella112[[#This Row],[Percentage of Supplier''s Facilities - Raw]]/$E$151 -> 0.012246964 | H9: Component - Suppliers | K9: =SUMPRODUCT(B4:B150,D4:D150) -> 4.068843 | M9: Component - Suppliers' Facilities | P9: =SUMPRODUCT(B4:B150,F4:F150) -> 4.1888836
A10: Austria | B10: 3.41 | C10: 0.012 | D10: =Tabella112[[#This Row],[Percentage of Suppliers - Raw]]/$C$151 -> 0.012396694 | E10: 0.0027 | F10: =Tabella112[[#This Row],[Percentage of Supplier''s Facilities - Raw]]/$E$151 -> 0.0027327935
A11: Azerbaijan | B11: 5.21 | C11: 0 | D11: =Tabella112[[#This Row],[Percentage of Suppliers - Raw]]/$C$151 -> 0 | E11: 0 | F11: =Tabella112[[#This Row],[Percentage of Supplier''s Facilities - Raw]]/$E$151 -> 0
A12: Bahrain | B12: 4.26 | C12: 0 | D12: =Tabella112[[#This Row],[Percentage of Suppliers - Raw]]/$C$151 -> 0 | E12: 0.0004 | F12: =Tabella112[[#This Row],[Percentage of Supplier''s Facilities - Raw]]/$E$151 -> 0.0004048583
A13: Bangladesh | B13: 6.29 | C13: 0 | D13: =Tabella112[[#This Row],[Percentage of Suppliers - Raw]]/$C$151 -> 0 | E13: 0.0005 | F13: =Tabella112[[#This Row],[Percentage of Supplier''s Facilities - Raw]]/$E$151 -> 0.00050607287
A14: Belarus | B14: 5.45 | C14: 0 | D14: =Tabella112[[#This Row],[Percentage of Suppliers - Raw]]/$C$151 -> 0 | E14: 0 | F14: =Tabella112[[#This Row],[Percentage of Supplier''s Facilities - Raw]]/$E$151 -> 0
A15: Belgium | B15: 3.33 | C15: 0.008 | D15: =Tabella112[[#This Row],[Percentage of Suppliers - Raw]]/$C$151 -> 0.0082644628 | E15: 0.0083 | F15: =Tabella112[[#This Row],[Percentage of Supplier''s Facilities - Raw]]/$E$151 -> 0.0084008097
A16: Benin | B16: 6 | C16: 0 | D16: =Tabella112[[#This Row],[Percentage of Suppliers - Raw]]/$C$151 -> 0 | E16: 0 | F16: =Tabella112[[#This Row],[Percentage of Supplier''s Facilities - Raw]]/$E$151 -> 0
A17: Bhutan | B17: 5.02 | C17: 0 | D17: =Tabella112[[#This Row],[Percentage of Suppliers - Raw]]/$C$151 -> 0 | E17: 0 | F17: =Tabella112[[#This Row],[Percentage of Supplier''s Facilities - Raw]]/$E$151 -> 0
A18: Bolivia | B18: 5.41 | C18: 0 | D18: =Tabella112[[#This Row],[Percentage of Suppliers - Raw]]/$C$151 -> 0 | E18: 0 | F18: =Tabella112[[#This Row],[Percentage of Supplier''s Facilities - Raw]]/$E$151 -> 0
A19: Bosnia and Herzegovina | B19: 5.34 | C19: 0 | D19: =Tabella112[[#This Row],[Percentage of Suppliers - Raw]]/$C$151 -> 0 | E19: 0.0001 | F19: =Tabella112[[#This Row],[Percentage of Supplier''s Facilities - Raw]]/$E$151 -> 0.00010121457
A20: Botswana | B20: 4.34 | C20: 0 | D20: =Tabella112[[#This Row],[Percentage of Suppliers - Raw]]/$C$151 -> 0 | E20: 0 | F20: =Tabella112[[#This Row],[Percentage of Supplier''s Facilities - Raw]]/$E$151 -> 0
A21: Brazil | B21: 5.35 | C21: 0.012 | D21: =Tabella112[[#This Row],[Percentage of Suppliers - Raw]]/$C$151 -> 0.012396694 | E21: 0.0247 | F21: =Tabella112[[#This Row],[Percentage of Supplier''s Facilities - Raw]]/$E$151 -> 0.025
... A30: Chile | B30: 4.36 | C30: 0 | D30: =Tabella112[[#This Row],[Percentage of Suppliers - Raw]]/$C$151 -> 0 | E30: 0.0059 | F30: =Tabella112[[#This Row],[Percentage of Supplier''s Facilities - Raw]]/$E$151 -> 0.0059716599
A31: China | B31: 4.26 | C31: =17.2% + 1.6% -> 0.188 | D31: =Tabella112[[#This Row],[Percentage of Suppliers - Raw]]/$C$151 -> 0.19421488 | E31: 0.0924 | F31: =Tabella112[[#This Row],[Percentage of Supplier''s Facilities - Raw]]/$E$151 -> 0.093522267 | G31: Includes Taiwan
A32: Colombia | B32: 5.72 | C32: 0 | D32: =Tabella112[[#This Row],[Percentage of Suppliers - Raw]]/$C$151 -> 0 | E32: 0.0042 | F32: =Tabella112[[#This Row],[Percentage of Supplier''s Facilities - Raw]]/$E$151 -> 0.0042510121
A33: Congo, Rep. | B33: 5.65 | C33: 0 | D33: =Tabella112[[#This Row],[Percentage of Suppliers - Raw]]/$C$151 -> 0 | E33: 0.0002 | F33: =Tabella112[[#This Row],[Percentage of Supplier''s Facilities - Raw]]/$E$151 -> 0.00020242915
A34: Costa Rica | B34: 4.23 | C34: 0 | D34: =Tabella112[[#This Row],[Percentage of Suppliers - Raw]]/$C$151 -> 0 | E34: 0.0006 | F34: =Tabella112[[#This Row],[Percentage of Supplier''s Facilities - Raw]]/$E$151 -> 0.00060728745
A35: Cote d'Ivoire | B35: 5.6 | C35: 0 | D35: =Tabella112[[#This Row],[Percentage of Suppliers - Raw]]/$C$151 -> 0 | E35: 0.0017 | F35: =Tabella112[[#This Row],[Percentage of Supplier''s Facilities - Raw]]/$E$151 -> 0.0017206478
A36: Croatia | B36: 4.28 | C36: 0 | D36: =Tabella112[[#This Row],[Percentage of Suppliers - Raw]]/$C$151 -> 0 | E36: 0.0027 | F36: =Tabella112[[#This Row],[Percentage of Supplier''s Facilities - Raw]]/$E$151 -> 0.0027327935
A37: Cyprus | B37: 4.67 | C37: 0 | D37: =Tabella112[[#This Row],[Percentage of Suppliers - Raw]]/$C$151 -> 0 | E37: 0.0004 | F37: =Tabella112[[#This Row],[Percentage of Supplier''s Facilities - Raw]]/$E$151 -> 0.0004048583
A38: Czech Republic | B38: 3.75 | C38: 0 | D38: =Tabella112[[#This Row],[Percentage of Suppliers - Raw]]/$C$151 -> 0 | E38: 0.0052 | F38: =Tabella112[[#This Row],[Percentage of Supplier''s Facilities - Raw]]/$E$151 -> 0.0052631579
A39: Denmark | B39: 3.2 | C39: 0.004 | D39: =Tabella112[[#This Row],[Percentage of Suppliers - Raw]]/$C$151 -> 0.0041322314 | E39: 0.0037 | F39: =Tabella112[[#This Row],[Percentage of Supplier''s Facilities - Raw]]/$E$151 -> 0.0037449393
A40: Djibouti | B40: 5.98 | C40: 0 | D40: =Tabella112[[#This Row],[Percentage of Suppliers - Raw]]/$C$151 -> 0 | E40: 0.0002 | F40: =Tabella112[[#This Row],[Percentage of Supplier''s Facilities - Raw]]/$E$151 -> 0.00020242915
A41: Dominican Republic | B41: 4.7 | C41: 0 | D41: =Tabella112[[#This Row],[Percentage of Suppliers - Raw]]/$C$151 -> 0 | E41: 0.0012 | F41: =Tabella112[[#This Row],[Percentage of Supplier''s Facilities - Raw]]/$E$151 -> 0.0012145749
A42: Ecuador | B42: 5.71 | C42: 0 | D42: =Tabella112[[#This Row],[Percentage of Suppliers - Raw]]/$C$151 -> 0 | E42: 0.0015 | F42: =Tabella112[[#This Row],[Percentage of Supplier''s Facilities - Raw]]/$E$151 -> 0.0015182186
A43: Egypt | B43: 5.6 | C43: 0 | D43: =Tabella112[[#This Row],[Percentage of Suppliers - Raw]]/$C$151 -> 0 | E43: 0.0028 | F43: =Tabella112[[#This Row],[Percentage of Supplier''s Facilities - Raw]]/$E$151 -> 0.0028340081
... A150: Zimbabwe | B150: 6.14 | C150: 0 | D150: =Tabella112[[#This Row],[Percentage of Suppliers - Raw]]/$C$151 -> 0 | E150: 0.0001 | F150: =Tabella112[[#This Row],[Percentage of Supplier''s Facilities - Raw]]/$E$151 -> 0.00010121457
A151: TOTAL | B151: #N/A | C151: =SUM(C4:C150) -> 0.968 | D151: =Tabella112[[#This Row],[Percentage of Suppliers - Raw]]/$C$151 -> 1 | E151: =SUM(E4:E150) -> 0.988 | F151: =SUM(F4:F150) -> 1

Sheet Country of Suppliers - EliLilly
A1: Eli Lilly
A3: Country of Supplier | B3: Country Geopolitical Risk Index | C3: Percentage of Suppliers - Raw | D3: Percentage of Suppliers - Standardized | E3: Percentage of Supplier's Facilities - Raw | F3: Percentage of Supplier's Facilities - Standardizd
A4: Albania | B4: 4.37 | C4: 0 | D4: =Tabella113[[#This Row],[Percentage of Suppliers - Raw]]/$C$151 -> 0 | E4: 0 | F4: =Tabella113[[#This Row],[Percentage of Supplier''s Facilities - Raw]]/$E$151 -> 0
A5: Algeria | B5: 5.21 | C5: 0 | D5: =Tabella113[[#This Row],[Percentage of Suppliers - Raw]]/$C$151 -> 0 | E5: 0 | F5: =Tabella113[[#This Row],[Percentage of Supplier''s Facilities - Raw]]/$E$151 -> 0 | H5: Main Data | M5: Main Data
A6: Angola | B6: 5.63 | C6: 0 | D6: =Tabella113[[#This Row],[Percentage of Suppliers - Raw]]/$C$151 -> 0 | E6: 0 | F6: =Tabella113[[#This Row],[Percentage of Supplier''s Facilities - Raw]]/$E$151 -> 0 | I6: Country | J6: Geopolitical Risk Index | K6: Value | N6: Country | O6: Geopolitical Risk Index | P6: Value
A7: Argentina | B7: 4.36 | C7: 0 | D7: =Tabella113[[#This Row],[Percentage of Suppliers - Raw]]/$C$151 -> 0 | E7: 0.0022 | F7: =Tabella113[[#This Row],[Percentage of Supplier''s Facilities - Raw]]/$E$151 -> 0.0022095009 | H7: Minimum | I7: =INDEX(A4:A150,MATCH(MIN(D4:D150),D4:D150,0)) -> Albania | J7: =INDEX(B4:B150,MATCH(MIN(D4:D150),D4:D150,0)) -> 4.37 | K7: =INDEX(D4:D150,MATCH(MIN(D4:D150),D4:D150,0)) -> 0 | M7: Minimum | N7: =INDEX(A4:A150,MATCH(MIN(F4:F150),F4:F150,0)) -> Albania | O7: =INDEX(B4:B150,MATCH(MIN(F4:F150),F4:F150,0)) -> 4.37 | P7: =INDEX(F4:F150,MATCH(MIN(F4:F150),F4:F150,0)) -> 0
A8: Armenia | B8: 4.79 | C8: 0 | D8: =Tabella113[[#This Row],[Percentage of Suppliers - Raw]]/$C$151 -> 0 | E8: 0 | F8: =Tabella113[[#This Row],[Percentage of Supplier''s Facilities - Raw]]/$E$151 -> 0 | H8: Maximum | I8: =INDEX(A4:A150,MATCH(MAX(D4:D150),D4:D150,0)) -> United States | J8: =INDEX(B4:B150,MATCH(MAX(D4:D150),D4:D150,0)) -> 4.19 | K8: =INDEX(D4:D150,MATCH(MAX(D4:D150),D4:D150,0)) -> 0.51376901 | M8: Maximum | N8: =INDEX(A4:A150,MATCH(MAX(F4:F150),F4:F150,0)) -> United States | O8: =INDEX(B4:B150,MATCH(MAX(F4:F150),F4:F150,0)) -> 4.19 | P8: =INDEX(F4:F150,MATCH(MAX(F4:F150),F4:F150,0)) -> 0.48036557
A9: Australia | B9: 3.22 | C9: 0.0179 | D9: =Tabella113[[#This Row],[Percentage of Suppliers - Raw]]/$C$151 -> 0.018392931 | E9: 0.0108 | F9: =Tabella113[[#This Row],[Percentage of Supplier''s Facilities - Raw]]/$E$151 -> 0.010846641 | H9: Component - Suppliers | K9: =SUMPRODUCT(B4:B150,D4:D150) -> 3.9356946 | M9: Component - Suppliers' Facilities | P9: =SUMPRODUCT(B4:B150,F4:F150) -> 4.0546902
A10: Austria | B10: 3.41 | C10: 0.0089 | D10: =Tabella113[[#This Row],[Percentage of Suppliers - Raw]]/$C$151 -> 0.0091450884 | E10: 0.0037 | F10: =Tabella113[[#This Row],[Percentage of Supplier''s Facilities - Raw]]/$E$151 -> 0.0037159787
A11: Azerbaijan | B11: 5.21 | C11: 0 | D11: =Tabella113[[#This Row],[Percentage of Suppliers - Raw]]/$C$151 -> 0 | E11: 0 | F11: =Tabella113[[#This Row],[Percentage of Supplier''s Facilities - Raw]]/$E$151 -> 0
A12: Bahrain | B12: 4.26 | C12: 0 | D12: =Tabella113[[#This Row],[Percentage of Suppliers - Raw]]/$C$151 -> 0 | E12: 0 | F12: =Tabella113[[#This Row],[Percentage of Supplier''s Facilities - Raw]]/$E$151 -> 0
A13: Bangladesh | B13: 6.29 | C13: 0 | D13: =Tabella113[[#This Row],[Percentage of Suppliers - Raw]]/$C$151 -> 0 | E13: 0 | F13: =Tabella113[[#This Row],[Percentage of Supplier''s Facilities - Raw]]/$E$151 -> 0
A14: Belarus | B14: 5.45 | C14: 0 | D14: =Tabella113[[#This Row],[Percentage of Suppliers - Raw]]/$C$151 -> 0 | E14: 0 | F14: =Tabella113[[#This Row],[Percentage of Supplier''s Facilities - Raw]]/$E$151 -> 0
A15: Belgium | B15: 3.33 | C15: 0 | D15: =Tabella113[[#This Row],[Percentage of Suppliers - Raw]]/$C$151 -> 0 | E15: 0.0034 | F15: =Tabella113[[#This Row],[Percentage of Supplier''s Facilities - Raw]]/$E$151 -> 0.0034146831
A16: Benin | B16: 6 | C16: 0 | D16: =Tabella113[[#This Row],[Percentage of Suppliers - Raw]]/$C$151 -> 0 | E16: 0 | F16: =Tabella113[[#This Row],[Percentage of Supplier''s Facilities - Raw]]/$E$151 -> 0
A17: Bhutan | B17: 5.02 | C17: 0 | D17: =Tabella113[[#This Row],[Percentage of Suppliers - Raw]]/$C$151 -> 0 | E17: 0 | F17: =Tabella113[[#This Row],[Percentage of Supplier''s Facilities - Raw]]/$E$151 -> 0
A18: Bolivia | B18: 5.41 | C18: 0 | D18: =Tabella113[[#This Row],[Percentage of Suppliers - Raw]]/$C$151 -> 0 | E18: 0 | F18: =Tabella113[[#This Row],[Percentage of Supplier''s Facilities - Raw]]/$E$151 -> 0
A19: Bosnia and Herzegovina | B19: 5.34 | C19: 0 | D19: =Tabella113[[#This Row],[Percentage of Suppliers - Raw]]/$C$151 -> 0 | E19: 0 | F19: =Tabella113[[#This Row],[Percentage of Supplier''s Facilities - Raw]]/$E$151 -> 0
A20: Botswana | B20: 4.34 | C20: 0 | D20: =Tabella113[[#This Row],[Percentage of Suppliers - Raw]]/$C$151 -> 0 | E20: 0 | F20: =Tabella113[[#This Row],[Percentage of Supplier''s Facilities - Raw]]/$E$151 -> 0
A21: Brazil | B21: 5.35 | C21: 0 | D21: =Tabella113[[#This Row],[Percentage of Suppliers - Raw]]/$C$151 -> 0 | E21: 0.0149 | F21: =Tabella113[[#This Row],[Percentage of Supplier''s Facilities - Raw]]/$E$151 -> 0.014964347
... A30: Chile | B30: 4.36 | C30: 0 | D30: =Tabella113[[#This Row],[Percentage of Suppliers - Raw]]/$C$151 -> 0 | E30: 0.0015 | F30: =Tabella113[[#This Row],[Percentage of Supplier''s Facilities - Raw]]/$E$151 -> 0.0015064779
A31: China | B31: 4.26 | C31: 0.1071 | D31: =Tabella113[[#This Row],[Percentage of Suppliers - Raw]]/$C$151 -> 0.11004932 | E31: 0.0667 | F31: =Tabella113[[#This Row],[Percentage of Supplier''s Facilities - Raw]]/$E$151 -> 0.066988049 | G31: Includes Taiwan
A32: Colombia | B32: 5.72 | C32: 0 | D32: =Tabella113[[#This Row],[Percentage of Suppliers - Raw]]/$C$151 -> 0 | E32: 0.0025 | F32: =Tabella113[[#This Row],[Percentage of Supplier''s Facilities - Raw]]/$E$151 -> 0.0025107964
A33: Congo, Rep. | B33: 5.65 | C33: 0 | D33: =Tabella113[[#This Row],[Percentage of Suppliers - Raw]]/$C$151 -> 0 | E33: 0 | F33: =Tabella113[[#This Row],[Percentage of Supplier''s Facilities - Raw]]/$E$151 -> 0
A34: Costa Rica | B34: 4.23 | C34: 0 | D34: =Tabella113[[#This Row],[Percentage of Suppliers - Raw]]/$C$151 -> 0 | E34: 0.0012 | F34: =Tabella113[[#This Row],[Percentage of Supplier''s Facilities - Raw]]/$E$151 -> 0.0012051823
A35: Cote d'Ivoire | B35: 5.6 | C35: 0 | D35: =Tabella113[[#This Row],[Percentage of Suppliers - Raw]]/$C$151 -> 0 | E35: 0.0003 | F35: =Tabella113[[#This Row],[Percentage of Supplier''s Facilities - Raw]]/$E$151 -> 0.00030129557
A36: Croatia | B36: 4.28 | C36: 0 | D36: =Tabella113[[#This Row],[Percentage of Suppliers - Raw]]/$C$151 -> 0 | E36: 0.0003 | F36: =Tabella113[[#This Row],[Percentage of Supplier''s Facilities - Raw]]/$E$151 -> 0.00030129557
A37: Cyprus | B37: 4.67 | C37: 0 | D37: =Tabella113[[#This Row],[Percentage of Suppliers - Raw]]/$C$151 -> 0 | E37: 0 | F37: =Tabella113[[#This Row],[Percentage of Supplier''s Facilities - Raw]]/$E$151 -> 0
A38: Czech Republic | B38: 3.75 | C38: 0 | D38: =Tabella113[[#This Row],[Percentage of Suppliers - Raw]]/$C$151 -> 0 | E38: 0.0043 | F38: =Tabella113[[#This Row],[Percentage of Supplier''s Facilities - Raw]]/$E$151 -> 0.0043185699
A39: Denmark | B39: 3.2 | C39: 0.0089 | D39: =Tabella113[[#This Row],[Percentage of Suppliers - Raw]]/$C$151 -> 0.0091450884 | E39: 0.0015 | F39: =Tabella113[[#This Row],[Percentage of Supplier''s Facilities - Raw]]/$E$151 -> 0.0015064779
A40: Djibouti | B40: 5.98 | C40: 0 | D40: =Tabella113[[#This Row],[Percentage of Suppliers - Raw]]/$C$151 -> 0 | E40: 0 | F40: =Tabella113[[#This Row],[Percentage of Supplier''s Facilities - Raw]]/$E$151 -> 0
A41: Dominican Republic | B41: 4.7 | C41: 0 | D41: =Tabella113[[#This Row],[Percentage of Suppliers - Raw]]/$C$151 -> 0 | E41: 0.0006 | F41: =Tabella113[[#This Row],[Percentage of Supplier''s Facilities - Raw]]/$E$151 -> 0.00060259114
A42: Ecuador | B42: 5.71 | C42: 0 | D42: =Tabella113[[#This Row],[Percentage of Suppliers - Raw]]/$C$151 -> 0 | E42: 0 | F42: =Tabella113[[#This Row],[Percentage of Supplier''s Facilities - Raw]]/$E$151 -> 0
A43: Egypt | B43: 5.6 | C43: 0 | D43: =Tabella113[[#This Row],[Percentage of Suppliers - Raw]]/$C$151 -> 0 | E43: 0.0019 | F43: =Tabella113[[#This Row],[Percentage of Supplier''s Facilities - Raw]]/$E$151 -> 0.0019082053
... A150: Zimbabwe | B150: 6.14 | C150: 0 | D150: =Tabella113[[#This Row],[Percentage of Suppliers - Raw]]/$C$151 -> 0 | E150: 0 | F150: =Tabella113[[#This Row],[Percentage of Supplier''s Facilities - Raw]]/$E$151 -> 0
A151: TOTAL | B151: #N/A | C151: =SUM(C4:C150) -> 0.9732 | D151: =Tabella113[[#This Row],[Percentage of Suppliers - Raw]]/$C$151 -> 1 | E151: =SUM(E4:E150) -> 0.9957 | F151: =SUM(F4:F150) -> 1

Sheet Country of Suppliers - ENI
A1: ENI
A3: Country of Supplier | B3: Country Geopolitical Risk Index | C3: Percentage of Suppliers - Raw | D3: Percentage of Suppliers - Standardized | E3: Percentage of Supplier's Facilities - Raw | F3: Percentage of Supplier's Facilities - Standardizd
A4: Albania | B4: 4.37 | C4: 0 | D4: =Tabella114[[#This Row],[Percentage of Suppliers - Raw]]/$C$151 -> 0 | E4: 0 | F4: =Tabella114[[#This Row],[Percentage of Supplier''s Facilities - Raw]]/$E$151 -> 0
A5: Algeria | B5: 5.21 | C5: 0.0145 | D5: =Tabella114[[#This Row],[Percentage of Suppliers - Raw]]/$C$151 -> 0.015172125 | E5: 0.0003 | F5: =Tabella114[[#This Row],[Percentage of Supplier''s Facilities - Raw]]/$E$151 -> 0.00030269398 | H5: Main Data | M5: Main Data
A6: Angola | B6: 5.63 | C6: 0.0072 | D6: =Tabella114[[#This Row],[Percentage of Suppliers - Raw]]/$C$151 -> 0.0075337449 | E6: 0.0047 | F6: =Tabella114[[#This Row],[Percentage of Supplier''s Facilities - Raw]]/$E$151 -> 0.0047422056 | I6: Country | J6: Geopolitical Risk Index | K6: Value | N6: Country | O6: Geopolitical Risk Index | P6: Value
A7: Argentina | B7: 4.36 | C7: 0 | D7: =Tabella114[[#This Row],[Percentage of Suppliers - Raw]]/$C$151 -> 0 | E7: 0.01 | F7: =Tabella114[[#This Row],[Percentage of Supplier''s Facilities - Raw]]/$E$151 -> 0.010089799 | H7: Minimum | I7: =INDEX(A4:A150,MATCH(MIN(D4:D150),D4:D150,0)) -> Albania | J7: =INDEX(B4:B150,MATCH(MIN(D4:D150),D4:D150,0)) -> 4.37 | K7: =INDEX(D4:D150,MATCH(MIN(D4:D150),D4:D150,0)) -> 0 | M7: Minimum | N7: =INDEX(A4:A150,MATCH(MIN(F4:F150),F4:F150,0)) -> Albania | O7: =INDEX(B4:B150,MATCH(MIN(F4:F150),F4:F150,0)) -> 4.37 | P7: =INDEX(F4:F150,MATCH(MIN(F4:F150),F4:F150,0)) -> 0
A8: Armenia | B8: 4.79 | C8: 0 | D8: =Tabella114[[#This Row],[Percentage of Suppliers - Raw]]/$C$151 -> 0 | E8: 0 | F8: =Tabella114[[#This Row],[Percentage of Supplier''s Facilities - Raw]]/$E$151 -> 0 | H8: Maximum | I8: =INDEX(A4:A150,MATCH(MAX(D4:D150),D4:D150,0)) -> United States | J8: =INDEX(B4:B150,MATCH(MAX(D4:D150),D4:D150,0)) -> 4.19 | K8: =INDEX(D4:D150,MATCH(MAX(D4:D150),D4:D150,0)) -> 0.21983886 | M8: Maximum | N8: =INDEX(A4:A150,MATCH(MAX(F4:F150),F4:F150,0)) -> United States | O8: =INDEX(B4:B150,MATCH(MAX(F4:F150),F4:F150,0)) -> 4.19 | P8: =INDEX(F4:F150,MATCH(MAX(F4:F150),F4:F150,0)) -> 0.3770558
A9: Australia | B9: 3.22 | C9: 0.0072 | D9: =Tabella114[[#This Row],[Percentage of Suppliers - Raw]]/$C$151 -> 0.0075337449 | E9: 0.0141 | F9: =Tabella114[[#This Row],[Percentage of Supplier''s Facilities - Raw]]/$E$151 -> 0.014226617 | H9: Component - Suppliers | K9: =SUMPRODUCT(B4:B150,D4:D150) -> 3.9963828 | M9: Component - Suppliers' Facilities | P9: =SUMPRODUCT(B4:B150,F4:F150) -> 4.0596892
A10: Austria | B10: 3.41 | C10: 0 | D10: =Tabella114[[#This Row],[Percentage of Suppliers - Raw]]/$C$151 -> 0 | E10: 0.0024 | F10: =Tabella114[[#This Row],[Percentage of Supplier''s Facilities - Raw]]/$E$151 -> 0.0024215518
A11: Azerbaijan | B11: 5.21 | C11: 0 | D11: =Tabella114[[#This Row],[Percentage of Suppliers - Raw]]/$C$151 -> 0 | E11: 0.0009 | F11: =Tabella114[[#This Row],[Percentage of Supplier''s Facilities - Raw]]/$E$151 -> 0.00090808193
A12: Bahrain | B12: 4.26 | C12: 0 | D12: =Tabella114[[#This Row],[Percentage of Suppliers - Raw]]/$C$151 -> 0 | E12: 0 | F12: =Tabella114[[#This Row],[Percentage of Supplier''s Facilities - Raw]]/$E$151 -> 0
A13: Bangladesh | B13: 6.29 | C13: 0 | D13: =Tabella114[[#This Row],[Percentage of Suppliers - Raw]]/$C$151 -> 0 | E13: 0.0003 | F13: =Tabella114[[#This Row],[Percentage of Supplier''s Facilities - Raw]]/$E$151 -> 0.00030269398
A14: Belarus | B14: 5.45 | C14: 0 | D14: =Tabella114[[#This Row],[Percentage of Suppliers - Raw]]/$C$151 -> 0 | E14: 0.0006 | F14: =Tabella114[[#This Row],[Percentage of Supplier''s Facilities - Raw]]/$E$151 -> 0.00060538795
A15: Belgium | B15: 3.33 | C15: 0.0072 | D15: =Tabella114[[#This Row],[Percentage of Suppliers - Raw]]/$C$151 -> 0.0075337449 | E15: 0.0068 | F15: =Tabella114[[#This Row],[Percentage of Supplier''s Facilities - Raw]]/$E$151 -> 0.0068610635
A16: Benin | B16: 6 | C16: 0 | D16: =Tabella114[[#This Row],[Percentage of Suppliers - Raw]]/$C$151 -> 0 | E16: 0.0003 | F16: =Tabella114[[#This Row],[Percentage of Supplier''s Facilities - Raw]]/$E$151 -> 0.00030269398
A17: Bhutan | B17: 5.02 | C17: 0 | D17: =Tabella114[[#This Row],[Percentage of Suppliers - Raw]]/$C$151 -> 0 | E17: 0 | F17: =Tabella114[[#This Row],[Percentage of Supplier''s Facilities - Raw]]/$E$151 -> 0
A18: Bolivia | B18: 5.41 | C18: 0 | D18: =Tabella114[[#This Row],[Percentage of Suppliers - Raw]]/$C$151 -> 0 | E18: 0.0003 | F18: =Tabella114[[#This Row],[Percentage of Supplier''s Facilities - Raw]]/$E$151 -> 0.00030269398
A19: Bosnia and Herzegovina | B19: 5.34 | C19: 0 | D19: =Tabella114[[#This Row],[Percentage of Suppliers - Raw]]/$C$151 -> 0 | E19: 0 | F19: =Tabella114[[#This Row],[Percentage of Supplier''s Facilities - Raw]]/$E$151 -> 0
A20: Botswana | B20: 4.34 | C20: 0 | D20: =Tabella114[[#This Row],[Percentage of Suppliers - Raw]]/$C$151 -> 0 | E20: 0.0003 | F20: =Tabella114[[#This Row],[Percentage of Supplier''s Facilities - Raw]]/$E$151 -> 0.00030269398
A21: Brazil | B21: 5.35 | C21: 0 | D21: =Tabella114[[#This Row],[Percentage of Suppliers - Raw]]/$C$151 -> 0 | E21: 0.0191 | F21: =Tabella114[[#This Row],[Percentage of Supplier''s Facilities - Raw]]/$E$151 -> 0.019271516
... A30: Chile | B30: 4.36 | C30: 0 | D30: =Tabella114[[#This Row],[Percentage of Suppliers - Raw]]/$C$151 -> 0 | E30: 0 | F30: =Tabella114[[#This Row],[Percentage of Supplier''s Facilities - Raw]]/$E$151 -> 0
A31: China | B31: 4.26 | C31: 0.029 | D31: =Tabella114[[#This Row],[Percentage of Suppliers - Raw]]/$C$151 -> 0.03034425 | E31: 0.0413 | F31: =Tabella114[[#This Row],[Percentage of Supplier''s Facilities - Raw]]/$E$151 -> 0.041670871 | G31: Includes Taiwan
A32: Colombia | B32: 5.72 | C32: 0 | D32: =Tabella114[[#This Row],[Percentage of Suppliers - Raw]]/$C$151 -> 0 | E32: 0.0021 | F32: =Tabella114[[#This Row],[Percentage of Supplier''s Facilities - Raw]]/$E$151 -> 0.0021188578
A33: Congo, Rep. | B33: 5.65 | C33: 0 | D33: =Tabella114[[#This Row],[Percentage of Suppliers - Raw]]/$C$151 -> 0 | E33: 0.0009 | F33: =Tabella114[[#This Row],[Percentage of Supplier''s Facilities - Raw]]/$E$151 -> 0.00090808193
A34: Costa Rica | B34: 4.23 | C34: 0 | D34: =Tabella114[[#This Row],[Percentage of Suppliers - Raw]]/$C$151 -> 0 | E34: 0 | F34: =Tabella114[[#This Row],[Percentage of Supplier''s Facilities - Raw]]/$E$151 -> 0
A35: Cote d'Ivoire | B35: 5.6 | C35: 0 | D35: =Tabella114[[#This Row],[Percentage of Suppliers - Raw]]/$C$151 -> 0 | E35: 0 | F35: =Tabella114[[#This Row],[Percentage of Supplier''s Facilities - Raw]]/$E$151 -> 0
A36: Croatia | B36: 4.28 | C36: 0 | D36: =Tabella114[[#This Row],[Percentage of Suppliers - Raw]]/$C$151 -> 0 | E36: 0.0003 | F36: =Tabella114[[#This Row],[Percentage of Supplier''s Facilities - Raw]]/$E$151 -> 0.00030269398
A37: Cyprus | B37: 4.67 | C37: 0 | D37: =Tabella114[[#This Row],[Percentage of Suppliers - Raw]]/$C$151 -> 0 | E37: 0.0006 | F37: =Tabella114[[#This Row],[Percentage of Supplier''s Facilities - Raw]]/$E$151 -> 0.00060538795
A38: Czech Republic | B38: 3.75 | C38: 0 | D38: =Tabella114[[#This Row],[Percentage of Suppliers - Raw]]/$C$151 -> 0 | E38: 0.0065 | F38: =Tabella114[[#This Row],[Percentage of Supplier''s Facilities - Raw]]/$E$151 -> 0.0065583695
A39: Denmark | B39: 3.2 | C39: 0 | D39: =Tabella114[[#This Row],[Percentage of Suppliers - Raw]]/$C$151 -> 0 | E39: 0.005 | F39: =Tabella114[[#This Row],[Percentage of Supplier''s Facilities - Raw]]/$E$151 -> 0.0050448996
A40: Djibouti | B40: 5.98 | C40: 0 | D40: =Tabella114[[#This Row],[Percentage of Suppliers - Raw]]/$C$151 -> 0 | E40: 0 | F40: =Tabella114[[#This Row],[Percentage of Supplier''s Facilities - Raw]]/$E$151 -> 0
A41: Dominican Republic | B41: 4.7 | C41: 0 | D41: =Tabella114[[#This Row],[Percentage of Suppliers - Raw]]/$C$151 -> 0 | E41: 0.0009 | F41: =Tabella114[[#This Row],[Percentage of Supplier''s Facilities - Raw]]/$E$151 -> 0.00090808193
A42: Ecuador | B42: 5.71 | C42: 0 | D42: =Tabella114[[#This Row],[Percentage of Suppliers - Raw]]/$C$151 -> 0 | E42: 0.0021 | F42: =Tabella114[[#This Row],[Percentage of Supplier''s Facilities - Raw]]/$E$151 -> 0.0021188578
A43: Egypt | B43: 5.6 | C43: 0.0145 | D43: =Tabella114[[#This Row],[Percentage of Suppliers - Raw]]/$C$151 -> 0.015172125 | E43: 0.0029 | F43: =Tabella114[[#This Row],[Percentage of Supplier''s Facilities - Raw]]/$E$151 -> 0.0029260418
... A150: Zimbabwe | B150: 6.14 | C150: 0 | D150: =Tabella114[[#This Row],[Percentage of Suppliers - Raw]]/$C$151 -> 0 | E150: 0 | F150: =Tabella114[[#This Row],[Percentage of Supplier''s Facilities - Raw]]/$E$151 -> 0
A151: TOTAL | B151: #N/A | C151: =SUM(C4:C150) -> 0.9557 | D151: =Tabella114[[#This Row],[Percentage of Suppliers - Raw]]/$C$151 -> 1 | E151: =SUM(E4:E150) -> 0.9911 | F151: =SUM(F4:F150) -> 1

Sheet Country of Suppliers - Allianz
A1: Allianz
A3: Country of Supplier | B3: Country Geopolitical Risk Index | C3: Percentage of Suppliers - Raw | D3: Percentage of Suppliers - Standardized | E3: Percentage of Supplier's Facilities - Raw | F3: Percentage of Supplier's Facilities - Standardizd
A4: Albania | B4: 4.37 | C4: 0 | D4: =Tabella115[[#This Row],[Percentage of Suppliers - Raw]]/$C$151 -> 0 | E4: 0 | F4: =Tabella115[[#This Row],[Percentage of Supplier''s Facilities - Raw]]/$E$151 -> 0
A5: Algeria | B5: 5.21 | C5: 0 | D5: =Tabella115[[#This Row],[Percentage of Suppliers - Raw]]/$C$151 -> 0 | E5: 0 | F5: =Tabella115[[#This Row],[Percentage of Supplier''s Facilities - Raw]]/$E$151 -> 0 | H5: Main Data | M5: Main Data
A6: Angola | B6: 5.63 | C6: 0 | D6: =Tabella115[[#This Row],[Percentage of Suppliers - Raw]]/$C$151 -> 0 | E6: 0.0081 | F6: =Tabella115[[#This Row],[Percentage of Supplier''s Facilities - Raw]]/$E$151 -> 0.0081958919 | I6: Country | J6: Geopolitical Risk Index | K6: Value | N6: Country | O6: Geopolitical Risk Index | P6: Value
A7: Argentina | B7: 4.36 | C7: 0 | D7: =Tabella115[[#This Row],[Percentage of Suppliers - Raw]]/$C$151 -> 0 | E7: 0.0081 | F7: =Tabella115[[#This Row],[Percentage of Supplier''s Facilities - Raw]]/$E$151 -> 0.0081958919 | H7: Minimum | I7: =INDEX(A4:A150,MATCH(MIN(D4:D150),D4:D150,0)) -> Albania | J7: =INDEX(B4:B150,MATCH(MIN(D4:D150),D4:D150,0)) -> 4.37 | K7: =INDEX(D4:D150,MATCH(MIN(D4:D150),D4:D150,0)) -> 0 | M7: Minimum | N7: =INDEX(A4:A150,MATCH(MIN(F4:F150),F4:F150,0)) -> Albania | O7: =INDEX(B4:B150,MATCH(MIN(F4:F150),F4:F150,0)) -> 4.37 | P7: =INDEX(F4:F150,MATCH(MIN(F4:F150),F4:F150,0)) -> 0
A8: Armenia | B8: 4.79 | C8: 0 | D8: =Tabella115[[#This Row],[Percentage of Suppliers - Raw]]/$C$151 -> 0 | E8: 0 | F8: =Tabella115[[#This Row],[Percentage of Supplier''s Facilities - Raw]]/$E$151 -> 0 | H8: Maximum | I8: =INDEX(A4:A150,MATCH(MAX(D4:D150),D4:D150,0)) -> United States | J8: =INDEX(B4:B150,MATCH(MAX(D4:D150),D4:D150,0)) -> 4.19 | K8: =INDEX(D4:D150,MATCH(MAX(D4:D150),D4:D150,0)) -> 0.26395313 | M8: Maximum | N8: =INDEX(A4:A150,MATCH(MAX(F4:F150),F4:F150,0)) -> United States | O8: =INDEX(B4:B150,MATCH(MAX(F4:F150),F4:F150,0)) -> 4.19 | P8: =INDEX(F4:F150,MATCH(MAX(F4:F150),F4:F150,0)) -> 0.25093595
A9: Australia | B9: 3.22 | C9: 0.0541 | D9: =Tabella115[[#This Row],[Percentage of Suppliers - Raw]]/$C$151 -> 0.055606948 | E9: 0.0366 | F9: =Tabella115[[#This Row],[Percentage of Supplier''s Facilities - Raw]]/$E$151 -> 0.037033289 | H9: Component - Suppliers | K9: =SUMPRODUCT(B4:B150,D4:D150) -> 3.8518984 | M9: Component - Suppliers' Facilities | P9: =SUMPRODUCT(B4:B150,F4:F150) -> 4.2183861
A10: Austria | B10: 3.41 | C10: 0.0135 | D10: =Tabella115[[#This Row],[Percentage of Suppliers - Raw]]/$C$151 -> 0.013876041 | E10: 0.0041 | F10: =Tabella115[[#This Row],[Percentage of Supplier''s Facilities - Raw]]/$E$151 -> 0.0041485379
A11: Azerbaijan | B11: 5.21 | C11: 0 | D11: =Tabella115[[#This Row],[Percentage of Suppliers - Raw]]/$C$151 -> 0 | E11: 0 | F11: =Tabella115[[#This Row],[Percentage of Supplier''s Facilities - Raw]]/$E$151 -> 0
A12: Bahrain | B12: 4.26 | C12: 0 | D12: =Tabella115[[#This Row],[Percentage of Suppliers - Raw]]/$C$151 -> 0 | E12: 0 | F12: =Tabella115[[#This Row],[Percentage of Supplier''s Facilities - Raw]]/$E$151 -> 0
A13: Bangladesh | B13: 6.29 | C13: 0 | D13: =Tabella115[[#This Row],[Percentage of Suppliers - Raw]]/$C$151 -> 0 | E13: 0 | F13: =Tabella115[[#This Row],[Percentage of Supplier''s Facilities - Raw]]/$E$151 -> 0
A14: Belarus | B14: 5.45 | C14: 0 | D14: =Tabella115[[#This Row],[Percentage of Suppliers - Raw]]/$C$151 -> 0 | E14: 0 | F14: =Tabella115[[#This Row],[Percentage of Supplier''s Facilities - Raw]]/$E$151 -> 0
A15: Belgium | B15: 3.33 | C15: 0 | D15: =Tabella115[[#This Row],[Percentage of Suppliers - Raw]]/$C$151 -> 0 | E15: 0.0122 | F15: =Tabella115[[#This Row],[Percentage of Supplier''s Facilities - Raw]]/$E$151 -> 0.01234443
A16: Benin | B16: 6 | C16: 0 | D16: =Tabella115[[#This Row],[Percentage of Suppliers - Raw]]/$C$151 -> 0 | E16: 0 | F16: =Tabella115[[#This Row],[Percentage of Supplier''s Facilities - Raw]]/$E$151 -> 0
A17: Bhutan | B17: 5.02 | C17: 0 | D17: =Tabella115[[#This Row],[Percentage of Suppliers - Raw]]/$C$151 -> 0 | E17: 0 | F17: =Tabella115[[#This Row],[Percentage of Supplier''s Facilities - Raw]]/$E$151 -> 0
A18: Bolivia | B18: 5.41 | C18: 0 | D18: =Tabella115[[#This Row],[Percentage of Suppliers - Raw]]/$C$151 -> 0 | E18: 0 | F18: =Tabella115[[#This Row],[Percentage of Supplier''s Facilities - Raw]]/$E$151 -> 0
A19: Bosnia and Herzegovina | B19: 5.34 | C19: 0 | D19: =Tabella115[[#This Row],[Percentage of Suppliers - Raw]]/$C$151 -> 0 | E19: 0 | F19: =Tabella115[[#This Row],[Percentage of Supplier''s Facilities - Raw]]/$E$151 -> 0
A20: Botswana | B20: 4.34 | C20: 0 | D20: =Tabella115[[#This Row],[Percentage of Suppliers - Raw]]/$C$151 -> 0 | E20: 0 | F20: =Tabella115[[#This Row],[Percentage of Supplier''s Facilities - Raw]]/$E$151 -> 0
A21: Brazil | B21: 5.35 | C21: 0 | D21: =Tabella115[[#This Row],[Percentage of Suppliers - Raw]]/$C$151 -> 0 | E21: 0.0285 | F21: =Tabella115[[#This Row],[Percentage of Supplier''s Facilities - Raw]]/$E$151 -> 0.028837398
... A30: Chile | B30: 4.36 | C30: 0 | D30: =Tabella115[[#This Row],[Percentage of Suppliers - Raw]]/$C$151 -> 0 | E30: 0.0081 | F30: =Tabella115[[#This Row],[Percentage of Supplier''s Facilities - Raw]]/$E$151 -> 0.0081958919
A31: China | B31: 4.26 | C31: =2.7% + 1.35% -> 0.0405 | D31: =Tabella115[[#This Row],[Percentage of Suppliers - Raw]]/$C$151 -> 0.041628122 | E31: 0.065 | F31: =Tabella115[[#This Row],[Percentage of Supplier''s Facilities - Raw]]/$E$151 -> 0.065769503 | G31: Includes Taiwan
A32: Colombia | B32: 5.72 | C32: 0.0135 | D32: =Tabella115[[#This Row],[Percentage of Suppliers - Raw]]/$C$151 -> 0.013876041 | E32: 0.0081 | F32: =Tabella115[[#This Row],[Percentage of Supplier''s Facilities - Raw]]/$E$151 -> 0.0081958919
A33: Congo, Rep. | B33: 5.65 | C33: 0 | D33: =Tabella115[[#This Row],[Percentage of Suppliers - Raw]]/$C$151 -> 0 | E33: 0 | F33: =Tabella115[[#This Row],[Percentage of Supplier''s Facilities - Raw]]/$E$151 -> 0
A34: Costa Rica | B34: 4.23 | C34: 0 | D34: =Tabella115[[#This Row],[Percentage of Suppliers - Raw]]/$C$151 -> 0 | E34: 0.0041 | F34: =Tabella115[[#This Row],[Percentage of Supplier''s Facilities - Raw]]/$E$151 -> 0.0041485379
A35: Cote d'Ivoire | B35: 5.6 | C35: 0 | D35: =Tabella115[[#This Row],[Percentage of Suppliers - Raw]]/$C$151 -> 0 | E35: 0 | F35: =Tabella115[[#This Row],[Percentage of Supplier''s Facilities - Raw]]/$E$151 -> 0
A36: Croatia | B36: 4.28 | C36: 0 | D36: =Tabella115[[#This Row],[Percentage of Suppliers - Raw]]/$C$151 -> 0 | E36: 0.0041 | F36: =Tabella115[[#This Row],[Percentage of Supplier''s Facilities - Raw]]/$E$151 -> 0.0041485379
A37: Cyprus | B37: 4.67 | C37: 0 | D37: =Tabella115[[#This Row],[Percentage of Suppliers - Raw]]/$C$151 -> 0 | E37: 0 | F37: =Tabella115[[#This Row],[Percentage of Supplier''s Facilities - Raw]]/$E$151 -> 0
A38: Czech Republic | B38: 3.75 | C38: 0 | D38: =Tabella115[[#This Row],[Percentage of Suppliers - Raw]]/$C$151 -> 0 | E38: 0.0081 | F38: =Tabella115[[#This Row],[Percentage of Supplier''s Facilities - Raw]]/$E$151 -> 0.0081958919
A39: Denmark | B39: 3.2 | C39: 0 | D39: =Tabella115[[#This Row],[Percentage of Suppliers - Raw]]/$C$151 -> 0 | E39: 0.0041 | F39: =Tabella115[[#This Row],[Percentage of Supplier''s Facilities - Raw]]/$E$151 -> 0.0041485379
A40: Djibouti | B40: 5.98 | C40: 0 | D40: =Tabella115[[#This Row],[Percentage of Suppliers - Raw]]/$C$151 -> 0 | E40: 0 | F40: =Tabella115[[#This Row],[Percentage of Supplier''s Facilities - Raw]]/$E$151 -> 0
A41: Dominican Republic | B41: 4.7 | C41: 0 | D41: =Tabella115[[#This Row],[Percentage of Suppliers - Raw]]/$C$151 -> 0 | E41: 0.0081 | F41: =Tabella115[[#This Row],[Percentage of Supplier''s Facilities - Raw]]/$E$151 -> 0.0081958919
A42: Ecuador | B42: 5.71 | C42: 0 | D42: =Tabella115[[#This Row],[Percentage of Suppliers - Raw]]/$C$151 -> 0 | E42: 0.0163 | F42: =Tabella115[[#This Row],[Percentage of Supplier''s Facilities - Raw]]/$E$151 -> 0.016492968
A43: Egypt | B43: 5.6 | C43: 0 | D43: =Tabella115[[#This Row],[Percentage of Suppliers - Raw]]/$C$151 -> 0 | E43: 0.0041 | F43: =Tabella115[[#This Row],[Percentage of Supplier''s Facilities - Raw]]/$E$151 -> 0.0041485379
... A150: Zimbabwe | B150: 6.14 | C150: 0 | D150: =Tabella115[[#This Row],[Percentage of Suppliers - Raw]]/$C$151 -> 0 | E150: 0 | F150: =Tabella115[[#This Row],[Percentage of Supplier''s Facilities - Raw]]/$E$151 -> 0
A151: TOTAL | B151: #N/A | C151: =SUM(C4:C150) -> 0.9729 | D151: =Tabella115[[#This Row],[Percentage of Suppliers - Raw]]/$C$151 -> 1 | E151: =SUM(E4:E150) -> 0.9883 | F151: =SUM(F4:F150) -> 1

Sheet Country of Suppliers - ASML
A1: ASML
A3: Country of Supplier | B3: Country Geopolitical Risk Index | C3: Percentage of Suppliers - Raw | D3: Percentage of Suppliers - Standardized | E3: Percentage of Supplier's Facilities - Raw | F3: Percentage of Supplier's Facilities - Standardizd
A4: Albania | B4: 4.37 | C4: 0 | D4: =Tabella116[[#This Row],[Percentage of Suppliers - Raw]]/$C$151 -> 0 | E4: 0 | F4: =Tabella116[[#This Row],[Percentage of Supplier''s Facilities - Raw]]/$E$151 -> 0
A5: Algeria | B5: 5.21 | C5: 0 | D5: =Tabella116[[#This Row],[Percentage of Suppliers - Raw]]/$C$151 -> 0 | E5: 0.0009 | F5: =Tabella116[[#This Row],[Percentage of Supplier''s Facilities - Raw]]/$E$151 -> 0.00090180361 | H5: Main Data | M5: Main Data
A6: Angola | B6: 5.63 | C6: 0 | D6: =Tabella116[[#This Row],[Percentage of Suppliers - Raw]]/$C$151 -> 0 | E6: 0 | F6: =Tabella116[[#This Row],[Percentage of Supplier''s Facilities - Raw]]/$E$151 -> 0 | I6: Country | J6: Geopolitical Risk Index | K6: Value | N6: Country | O6: Geopolitical Risk Index | P6: Value
A7: Argentina | B7: 4.36 | C7: 0 | D7: =Tabella116[[#This Row],[Percentage of Suppliers - Raw]]/$C$151 -> 0 | E7: 0.0019 | F7: =Tabella116[[#This Row],[Percentage of Supplier''s Facilities - Raw]]/$E$151 -> 0.0019038076 | H7: Minimum | I7: =INDEX(A4:A150,MATCH(MIN(D4:D150),D4:D150,0)) -> Albania | J7: =INDEX(B4:B150,MATCH(MIN(D4:D150),D4:D150,0)) -> 4.37 | K7: =INDEX(D4:D150,MATCH(MIN(D4:D150),D4:D150,0)) -> 0 | M7: Minimum | N7: =INDEX(A4:A150,MATCH(MIN(F4:F150),F4:F150,0)) -> Albania | O7: =INDEX(B4:B150,MATCH(MIN(F4:F150),F4:F150,0)) -> 4.37 | P7: =INDEX(F4:F150,MATCH(MIN(F4:F150),F4:F150,0)) -> 0
A8: Armenia | B8: 4.79 | C8: 0 | D8: =Tabella116[[#This Row],[Percentage of Suppliers - Raw]]/$C$151 -> 0 | E8: 0 | F8: =Tabella116[[#This Row],[Percentage of Supplier''s Facilities - Raw]]/$E$151 -> 0 | H8: Maximum | I8: =INDEX(A4:A150,MATCH(MAX(D4:D150),D4:D150,0)) -> United States | J8: =INDEX(B4:B150,MATCH(MAX(D4:D150),D4:D150,0)) -> 4.19 | K8: =INDEX(D4:D150,MATCH(MAX(D4:D150),D4:D150,0)) -> 0.3590359 | M8: Maximum | N8: =INDEX(A4:A150,MATCH(MAX(F4:F150),F4:F150,0)) -> United States | O8: =INDEX(B4:B150,MATCH(MAX(F4:F150),F4:F150,0)) -> 4.19 | P8: =INDEX(F4:F150,MATCH(MAX(F4:F150),F4:F150,0)) -> 0.28356713
A9: Australia | B9: 3.22 | C9: 0 | D9: =Tabella116[[#This Row],[Percentage of Suppliers - Raw]]/$C$151 -> 0 | E9: 0.0076 | F9: =Tabella116[[#This Row],[Percentage of Supplier''s Facilities - Raw]]/$E$151 -> 0.0076152305 | H9: Component - Suppliers | K9: =SUMPRODUCT(B4:B150,D4:D150) -> 3.920084 | M9: Component - Suppliers' Facilities | P9: =SUMPRODUCT(B4:B150,F4:F150) -> 3.9489018
A10: Austria | B10: 3.41 | C10: 0 | D10: =Tabella116[[#This Row],[Percentage of Suppliers - Raw]]/$C$151 -> 0 | E10: 0.0076 | F10: =Tabella116[[#This Row],[Percentage of Supplier''s Facilities - Raw]]/$E$151 -> 0.0076152305
A11: Azerbaijan | B11: 5.21 | C11: 0 | D11: =Tabella116[[#This Row],[Percentage of Suppliers - Raw]]/$C$151 -> 0 | E11: 0 | F11: =Tabella116[[#This Row],[Percentage of Supplier''s Facilities - Raw]]/$E$151 -> 0
A12: Bahrain | B12: 4.26 | C12: 0 | D12: =Tabella116[[#This Row],[Percentage of Suppliers - Raw]]/$C$151 -> 0 | E12: 0 | F12: =Tabella116[[#This Row],[Percentage of Supplier''s Facilities - Raw]]/$E$151 -> 0
A13: Bangladesh | B13: 6.29 | C13: 0 | D13: =Tabella116[[#This Row],[Percentage of Suppliers - Raw]]/$C$151 -> 0 | E13: 0 | F13: =Tabella116[[#This Row],[Percentage of Supplier''s Facilities - Raw]]/$E$151 -> 0
A14: Belarus | B14: 5.45 | C14: 0 | D14: =Tabella116[[#This Row],[Percentage of Suppliers - Raw]]/$C$151 -> 0 | E14: 0 | F14: =Tabella116[[#This Row],[Percentage of Supplier''s Facilities - Raw]]/$E$151 -> 0
A15: Belgium | B15: 3.33 | C15: 0.0256 | D15: =Tabella116[[#This Row],[Percentage of Suppliers - Raw]]/$C$151 -> 0.02560256 | E15: 0.0047 | F15: =Tabella116[[#This Row],[Percentage of Supplier''s Facilities - Raw]]/$E$151 -> 0.0047094188
A16: Benin | B16: 6 | C16: 0 | D16: =Tabella116[[#This Row],[Percentage of Suppliers - Raw]]/$C$151 -> 0 | E16: 0 | F16: =Tabella116[[#This Row],[Percentage of Supplier''s Facilities - Raw]]/$E$151 -> 0
A17: Bhutan | B17: 5.02 | C17: 0 | D17: =Tabella116[[#This Row],[Percentage of Suppliers - Raw]]/$C$151 -> 0 | E17: 0 | F17: =Tabella116[[#This Row],[Percentage of Supplier''s Facilities - Raw]]/$E$151 -> 0
A18: Bolivia | B18: 5.41 | C18: 0 | D18: =Tabella116[[#This Row],[Percentage of Suppliers - Raw]]/$C$151 -> 0 | E18: 0 | F18: =Tabella116[[#This Row],[Percentage of Supplier''s Facilities - Raw]]/$E$151 -> 0
A19: Bosnia and Herzegovina | B19: 5.34 | C19: 0 | D19: =Tabella116[[#This Row],[Percentage of Suppliers - Raw]]/$C$151 -> 0 | E19: 0 | F19: =Tabella116[[#This Row],[Percentage of Supplier''s Facilities - Raw]]/$E$151 -> 0
A20: Botswana | B20: 4.34 | C20: 0 | D20: =Tabella116[[#This Row],[Percentage of Suppliers - Raw]]/$C$151 -> 0 | E20: 0 | F20: =Tabella116[[#This Row],[Percentage of Supplier''s Facilities - Raw]]/$E$151 -> 0
A21: Brazil | B21: 5.35 | C21: 0 | D21: =Tabella116[[#This Row],[Percentage of Suppliers - Raw]]/$C$151 -> 0 | E21: 0.0104 | F21: =Tabella116[[#This Row],[Percentage of Supplier''s Facilities - Raw]]/$E$151 -> 0.010420842
... A30: Chile | B30: 4.36 | C30: 0 | D30: =Tabella116[[#This Row],[Percentage of Suppliers - Raw]]/$C$151 -> 0 | E30: 0.0009 | F30: =Tabella116[[#This Row],[Percentage of Supplier''s Facilities - Raw]]/$E$151 -> 0.00090180361
A31: China | B31: 4.26 | C31: =5.13% + 20.51% -> 0.2564 | D31: =Tabella116[[#This Row],[Percentage of Suppliers - Raw]]/$C$151 -> 0.25642564 | E31: 0.0949 | F31: =Tabella116[[#This Row],[Percentage of Supplier''s Facilities - Raw]]/$E$151 -> 0.09509018 | G31: Includes Taiwan
A32: Colombia | B32: 5.72 | C32: 0 | D32: =Tabella116[[#This Row],[Percentage of Suppliers - Raw]]/$C$151 -> 0 | E32: 0 | F32: =Tabella116[[#This Row],[Percentage of Supplier''s Facilities - Raw]]/$E$151 -> 0
A33: Congo, Rep. | B33: 5.65 | C33: 0 | D33: =Tabella116[[#This Row],[Percentage of Suppliers - Raw]]/$C$151 -> 0 | E33: 0 | F33: =Tabella116[[#This Row],[Percentage of Supplier''s Facilities - Raw]]/$E$151 -> 0
A34: Costa Rica | B34: 4.23 | C34: 0 | D34: =Tabella116[[#This Row],[Percentage of Suppliers - Raw]]/$C$151 -> 0 | E34: 0 | F34: =Tabella116[[#This Row],[Percentage of Supplier''s Facilities - Raw]]/$E$151 -> 0
A35: Cote d'Ivoire | B35: 5.6 | C35: 0 | D35: =Tabella116[[#This Row],[Percentage of Suppliers - Raw]]/$C$151 -> 0 | E35: 0 | F35: =Tabella116[[#This Row],[Percentage of Supplier''s Facilities - Raw]]/$E$151 -> 0
A36: Croatia | B36: 4.28 | C36: 0 | D36: =Tabella116[[#This Row],[Percentage of Suppliers - Raw]]/$C$151 -> 0 | E36: 0.0009 | F36: =Tabella116[[#This Row],[Percentage of Supplier''s Facilities - Raw]]/$E$151 -> 0.00090180361
A37: Cyprus | B37: 4.67 | C37: 0 | D37: =Tabella116[[#This Row],[Percentage of Suppliers - Raw]]/$C$151 -> 0 | E37: 0 | F37: =Tabella116[[#This Row],[Percentage of Supplier''s Facilities - Raw]]/$E$151 -> 0
A38: Czech Republic | B38: 3.75 | C38: 0 | D38: =Tabella116[[#This Row],[Percentage of Suppliers - Raw]]/$C$151 -> 0 | E38: 0.0133 | F38: =Tabella116[[#This Row],[Percentage of Supplier''s Facilities - Raw]]/$E$151 -> 0.013326653
A39: Denmark | B39: 3.2 | C39: 0 | D39: =Tabella116[[#This Row],[Percentage of Suppliers - Raw]]/$C$151 -> 0 | E39: 0.0047 | F39: =Tabella116[[#This Row],[Percentage of Supplier''s Facilities - Raw]]/$E$151 -> 0.0047094188
A40: Djibouti | B40: 5.98 | C40: 0 | D40: =Tabella116[[#This Row],[Percentage of Suppliers - Raw]]/$C$151 -> 0 | E40: 0 | F40: =Tabella116[[#This Row],[Percentage of Supplier''s Facilities - Raw]]/$E$151 -> 0
A41: Dominican Republic | B41: 4.7 | C41: 0 | D41: =Tabella116[[#This Row],[Percentage of Suppliers - Raw]]/$C$151 -> 0 | E41: 0 | F41: =Tabella116[[#This Row],[Percentage of Supplier''s Facilities - Raw]]/$E$151 -> 0
A42: Ecuador | B42: 5.71 | C42: 0 | D42: =Tabella116[[#This Row],[Percentage of Suppliers - Raw]]/$C$151 -> 0 | E42: 0 | F42: =Tabella116[[#This Row],[Percentage of Supplier''s Facilities - Raw]]/$E$151 -> 0
A43: Egypt | B43: 5.6 | C43: 0 | D43: =Tabella116[[#This Row],[Percentage of Suppliers - Raw]]/$C$151 -> 0 | E43: 0.0009 | F43: =Tabella116[[#This Row],[Percentage of Supplier''s Facilities - Raw]]/$E$151 -> 0.00090180361
... A150: Zimbabwe | B150: 6.14 | C150: 0 | D150: =Tabella116[[#This Row],[Percentage of Suppliers - Raw]]/$C$151 -> 0 | E150: 0 | F150: =Tabella116[[#This Row],[Percentage of Supplier''s Facilities - Raw]]/$E$151 -> 0
A151: TOTAL | B151: #N/A | C151: =SUM(C4:C150) -> 0.9999 | D151: =Tabella116[[#This Row],[Percentage of Suppliers - Raw]]/$C$151 -> 1 | E151: =SUM(E4:E150) -> 0.998 | F151: =SUM(F4:F150) -> 1

Sheet Country of Suppliers - TSMC
A1: TSMC
A3: Country of Supplier | B3: Country Geopolitical Risk Index | C3: Percentage of Suppliers - Raw | D3: Percentage of Suppliers - Standardized | E3: Percentage of Supplier's Facilities - Raw | F3: Percentage of Supplier's Facilities - Standardizd
A4: Albania | B4: 4.37 | C4: 0 | D4: =Tabella117[[#This Row],[Percentage of Suppliers - Raw]]/$C$151 -> 0 | E4: 0 | F4: =Tabella117[[#This Row],[Percentage of Supplier''s Facilities - Raw]]/$E$151 -> 0
A5: Algeria | B5: 5.21 | C5: 0 | D5: =Tabella117[[#This Row],[Percentage of Suppliers - Raw]]/$C$151 -> 0 | E5: 0 | F5: =Tabella117[[#This Row],[Percentage of Supplier''s Facilities - Raw]]/$E$151 -> 0 | H5: Main Data | M5: Main Data
A6: Angola | B6: 5.63 | C6: 0 | D6: =Tabella117[[#This Row],[Percentage of Suppliers - Raw]]/$C$151 -> 0 | E6: 0 | F6: =Tabella117[[#This Row],[Percentage of Supplier''s Facilities - Raw]]/$E$151 -> 0 | I6: Country | J6: Geopolitical Risk Index | K6: Value | N6: Country | O6: Geopolitical Risk Index | P6: Value
A7: Argentina | B7: 4.36 | C7: 0 | D7: =Tabella117[[#This Row],[Percentage of Suppliers - Raw]]/$C$151 -> 0 | E7: 0.0046 | F7: =Tabella117[[#This Row],[Percentage of Supplier''s Facilities - Raw]]/$E$151 -> 0.0047001124 | H7: Minimum | I7: =INDEX(A4:A150,MATCH(MIN(D4:D150),D4:D150,0)) -> Albania | J7: =INDEX(B4:B150,MATCH(MIN(D4:D150),D4:D150,0)) -> 4.37 | K7: =INDEX(D4:D150,MATCH(MIN(D4:D150),D4:D150,0)) -> 0 | M7: Minimum | N7: =INDEX(A4:A150,MATCH(MIN(F4:F150),F4:F150,0)) -> Albania | O7: =INDEX(B4:B150,MATCH(MIN(F4:F150),F4:F150,0)) -> 4.37 | P7: =INDEX(F4:F150,MATCH(MIN(F4:F150),F4:F150,0)) -> 0
A8: Armenia | B8: 4.79 | C8: 0 | D8: =Tabella117[[#This Row],[Percentage of Suppliers - Raw]]/$C$151 -> 0 | E8: 0 | F8: =Tabella117[[#This Row],[Percentage of Supplier''s Facilities - Raw]]/$E$151 -> 0 | H8: Maximum | I8: =INDEX(A4:A150,MATCH(MAX(D4:D150),D4:D150,0)) -> China | J8: =INDEX(B4:B150,MATCH(MAX(D4:D150),D4:D150,0)) -> 4.26 | K8: =INDEX(D4:D150,MATCH(MAX(D4:D150),D4:D150,0)) -> 0.46929386 | M8: Maximum | N8: =INDEX(A4:A150,MATCH(MAX(F4:F150),F4:F150,0)) -> United States | O8: =INDEX(B4:B150,MATCH(MAX(F4:F150),F4:F150,0)) -> 4.19 | P8: =INDEX(F4:F150,MATCH(MAX(F4:F150),F4:F150,0)) -> 0.18422397
A9: Australia | B9: 3.22 | C9: 0 | D9: =Tabella117[[#This Row],[Percentage of Suppliers - Raw]]/$C$151 -> 0 | E9: 0.0116 | F9: =Tabella117[[#This Row],[Percentage of Supplier''s Facilities - Raw]]/$E$151 -> 0.011852457 | H9: Component - Suppliers | K9: =SUMPRODUCT(B4:B150,D4:D150) -> 3.9315003 | M9: Component - Suppliers' Facilities | P9: =SUMPRODUCT(B4:B150,F4:F150) -> 3.9450118
A10: Austria | B10: 3.41 | C10: 0.0041 | D10: =Tabella117[[#This Row],[Percentage of Suppliers - Raw]]/$C$151 -> 0.0041008202 | E10: 0.0037 | F10: =Tabella117[[#This Row],[Percentage of Supplier''s Facilities - Raw]]/$E$151 -> 0.0037805252
A11: Azerbaijan | B11: 5.21 | C11: 0 | D11: =Tabella117[[#This Row],[Percentage of Suppliers - Raw]]/$C$151 -> 0 | E11: 0 | F11: =Tabella117[[#This Row],[Percentage of Supplier''s Facilities - Raw]]/$E$151 -> 0
A12: Bahrain | B12: 4.26 | C12: 0 | D12: =Tabella117[[#This Row],[Percentage of Suppliers - Raw]]/$C$151 -> 0 | E12: 0 | F12: =Tabella117[[#This Row],[Percentage of Supplier''s Facilities - Raw]]/$E$151 -> 0
A13: Bangladesh | B13: 6.29 | C13: 0 | D13: =Tabella117[[#This Row],[Percentage of Suppliers - Raw]]/$C$151 -> 0 | E13: 0 | F13: =Tabella117[[#This Row],[Percentage of Supplier''s Facilities - Raw]]/$E$151 -> 0
A14: Belarus | B14: 5.45 | C14: 0 | D14: =Tabella117[[#This Row],[Percentage of Suppliers - Raw]]/$C$151 -> 0 | E14: 0.001 | F14: =Tabella117[[#This Row],[Percentage of Supplier''s Facilities - Raw]]/$E$151 -> 0.0010217636
A15: Belgium | B15: 3.33 | C15: 0.0041 | D15: =Tabella117[[#This Row],[Percentage of Suppliers - Raw]]/$C$151 -> 0.0041008202 | E15: 0.0086 | F15: =Tabella117[[#This Row],[Percentage of Supplier''s Facilities - Raw]]/$E$151 -> 0.0087871666
A16: Benin | B16: 6 | C16: 0 | D16: =Tabella117[[#This Row],[Percentage of Suppliers - Raw]]/$C$151 -> 0 | E16: 0 | F16: =Tabella117[[#This Row],[Percentage of Supplier''s Facilities - Raw]]/$E$151 -> 0
A17: Bhutan | B17: 5.02 | C17: 0 | D17: =Tabella117[[#This Row],[Percentage of Suppliers - Raw]]/$C$151 -> 0 | E17: 0 | F17: =Tabella117[[#This Row],[Percentage of Supplier''s Facilities - Raw]]/$E$151 -> 0
A18: Bolivia | B18: 5.41 | C18: 0 | D18: =Tabella117[[#This Row],[Percentage of Suppliers - Raw]]/$C$151 -> 0 | E18: 0 | F18: =Tabella117[[#This Row],[Percentage of Supplier''s Facilities - Raw]]/$E$151 -> 0
A19: Bosnia and Herzegovina | B19: 5.34 | C19: 0 | D19: =Tabella117[[#This Row],[Percentage of Suppliers - Raw]]/$C$151 -> 0 | E19: 0 | F19: =Tabella117[[#This Row],[Percentage of Supplier''s Facilities - Raw]]/$E$151 -> 0
A20: Botswana | B20: 4.34 | C20: 0 | D20: =Tabella117[[#This Row],[Percentage of Suppliers - Raw]]/$C$151 -> 0 | E20: 0 | F20: =Tabella117[[#This Row],[Percentage of Supplier''s Facilities - Raw]]/$E$151 -> 0
A21: Brazil | B21: 5.35 | C21: 0 | D21: =Tabella117[[#This Row],[Percentage of Suppliers - Raw]]/$C$151 -> 0 | E21: 0.0125 | F21: =Tabella117[[#This Row],[Percentage of Supplier''s Facilities - Raw]]/$E$151 -> 0.012772045
... A30: Chile | B30: 4.36 | C30: 0 | D30: =Tabella117[[#This Row],[Percentage of Suppliers - Raw]]/$C$151 -> 0 | E30: 0.0031 | F30: =Tabella117[[#This Row],[Percentage of Supplier''s Facilities - Raw]]/$E$151 -> 0.003167467
A31: China | B31: 4.26 | C31: =7% + 39.92% -> 0.4692 | D31: =Tabella117[[#This Row],[Percentage of Suppliers - Raw]]/$C$151 -> 0.46929386 | E31: 0.1588 | F31: =Tabella117[[#This Row],[Percentage of Supplier''s Facilities - Raw]]/$E$151 -> 0.16225605 | G31: Includes Taiwan
A32: Colombia | B32: 5.72 | C32: 0 | D32: =Tabella117[[#This Row],[Percentage of Suppliers - Raw]]/$C$151 -> 0 | E32: 0.0015 | F32: =Tabella117[[#This Row],[Percentage of Supplier''s Facilities - Raw]]/$E$151 -> 0.0015326453
A33: Congo, Rep. | B33: 5.65 | C33: 0 | D33: =Tabella117[[#This Row],[Percentage of Suppliers - Raw]]/$C$151 -> 0 | E33: 0 | F33: =Tabella117[[#This Row],[Percentage of Supplier''s Facilities - Raw]]/$E$151 -> 0
A34: Costa Rica | B34: 4.23 | C34: 0 | D34: =Tabella117[[#This Row],[Percentage of Suppliers - Raw]]/$C$151 -> 0 | E34: 0 | F34: =Tabella117[[#This Row],[Percentage of Supplier''s Facilities - Raw]]/$E$151 -> 0
A35: Cote d'Ivoire | B35: 5.6 | C35: 0 | D35: =Tabella117[[#This Row],[Percentage of Suppliers - Raw]]/$C$151 -> 0 | E35: 0 | F35: =Tabella117[[#This Row],[Percentage of Supplier''s Facilities - Raw]]/$E$151 -> 0
A36: Croatia | B36: 4.28 | C36: 0 | D36: =Tabella117[[#This Row],[Percentage of Suppliers - Raw]]/$C$151 -> 0 | E36: 0 | F36: =Tabella117[[#This Row],[Percentage of Supplier''s Facilities - Raw]]/$E$151 -> 0
A37: Cyprus | B37: 4.67 | C37: 0 | D37: =Tabella117[[#This Row],[Percentage of Suppliers - Raw]]/$C$151 -> 0 | E37: 0 | F37: =Tabella117[[#This Row],[Percentage of Supplier''s Facilities - Raw]]/$E$151 -> 0
A38: Czech Republic | B38: 3.75 | C38: 0 | D38: =Tabella117[[#This Row],[Percentage of Suppliers - Raw]]/$C$151 -> 0 | E38: 0.008 | F38: =Tabella117[[#This Row],[Percentage of Supplier''s Facilities - Raw]]/$E$151 -> 0.0081741085
A39: Denmark | B39: 3.2 | C39: 0 | D39: =Tabella117[[#This Row],[Percentage of Suppliers - Raw]]/$C$151 -> 0 | E39: 0.0044 | F39: =Tabella117[[#This Row],[Percentage of Supplier''s Facilities - Raw]]/$E$151 -> 0.0044957597
A40: Djibouti | B40: 5.98 | C40: 0 | D40: =Tabella117[[#This Row],[Percentage of Suppliers - Raw]]/$C$151 -> 0 | E40: 0 | F40: =Tabella117[[#This Row],[Percentage of Supplier''s Facilities - Raw]]/$E$151 -> 0
A41: Dominican Republic | B41: 4.7 | C41: 0 | D41: =Tabella117[[#This Row],[Percentage of Suppliers - Raw]]/$C$151 -> 0 | E41: 0 | F41: =Tabella117[[#This Row],[Percentage of Supplier''s Facilities - Raw]]/$E$151 -> 0
A42: Ecuador | B42: 5.71 | C42: 0 | D42: =Tabella117[[#This Row],[Percentage of Suppliers - Raw]]/$C$151 -> 0 | E42: 0 | F42: =Tabella117[[#This Row],[Percentage of Supplier''s Facilities - Raw]]/$E$151 -> 0
A43: Egypt | B43: 5.6 | C43: 0 | D43: =Tabella117[[#This Row],[Percentage of Suppliers - Raw]]/$C$151 -> 0 | E43: 0.0018 | F43: =Tabella117[[#This Row],[Percentage of Supplier''s Facilities - Raw]]/$E$151 -> 0.0018391744
... A150: Zimbabwe | B150: 6.14 | C150: 0 | D150: =Tabella117[[#This Row],[Percentage of Suppliers - Raw]]/$C$151 -> 0 | E150: 0 | F150: =Tabella117[[#This Row],[Percentage of Supplier''s Facilities - Raw]]/$E$151 -> 0
A151: TOTAL | B151: #N/A | C151: =SUM(C4:C150) -> 0.9998 | D151: =Tabella117[[#This Row],[Percentage of Suppliers - Raw]]/$C$151 -> 1 | E151: =SUM(E4:E150) -> 0.9787 | F151: =SUM(F4:F150) -> 1

Sheet Country of Suppliers - Toyota
A1: Toyota
A3: Country of Supplier | B3: Country Geopolitical Risk Index | C3: Percentage of Suppliers - Raw | D3: Percentage of Suppliers - Standardized | E3: Percentage of Supplier's Facilities - Raw | F3: Percentage of Supplier's Facilities - Standardizd
A4: Albania | B4: 4.37 | C4: 0 | D4: =Tabella118[[#This Row],[Percentage of Suppliers - Raw]]/$C$151 -> 0 | E4: 0 | F4: =Tabella118[[#This Row],[Percentage of Supplier''s Facilities - Raw]]/$E$151 -> 0
A5: Algeria | B5: 5.21 | C5: 0 | D5: =Tabella118[[#This Row],[Percentage of Suppliers - Raw]]/$C$151 -> 0 | E5: 0.0004 | F5: =Tabella118[[#This Row],[Percentage of Supplier''s Facilities - Raw]]/$E$151 -> 0.000403918 | H5: Main Data | M5: Main Data
A6: Angola | B6: 5.63 | C6: 0 | D6: =Tabella118[[#This Row],[Percentage of Suppliers - Raw]]/$C$151 -> 0 | E6: 0 | F6: =Tabella118[[#This Row],[Percentage of Supplier''s Facilities - Raw]]/$E$151 -> 0 | I6: Country | J6: Geopolitical Risk Index | K6: Value | N6: Country | O6: Geopolitical Risk Index | P6: Value
A7: Argentina | B7: 4.36 | C7: 0.0022 | D7: =Tabella118[[#This Row],[Percentage of Suppliers - Raw]]/$C$151 -> 0.0022255943 | E7: 0.0045 | F7: =Tabella118[[#This Row],[Percentage of Supplier''s Facilities - Raw]]/$E$151 -> 0.0045440776 | H7: Minimum | I7: =INDEX(A4:A150,MATCH(MIN(D4:D150),D4:D150,0)) -> Albania | J7: =INDEX(B4:B150,MATCH(MIN(D4:D150),D4:D150,0)) -> 4.37 | K7: =INDEX(D4:D150,MATCH(MIN(D4:D150),D4:D150,0)) -> 0 | M7: Minimum | N7: =INDEX(A4:A150,MATCH(MIN(F4:F150),F4:F150,0)) -> Albania | O7: =INDEX(B4:B150,MATCH(MIN(F4:F150),F4:F150,0)) -> 4.37 | P7: =INDEX(F4:F150,MATCH(MIN(F4:F150),F4:F150,0)) -> 0
A8: Armenia | B8: 4.79 | C8: 0 | D8: =Tabella118[[#This Row],[Percentage of Suppliers - Raw]]/$C$151 -> 0 | E8: 0 | F8: =Tabella118[[#This Row],[Percentage of Supplier''s Facilities - Raw]]/$E$151 -> 0 | H8: Maximum | I8: =INDEX(A4:A150,MATCH(MAX(D4:D150),D4:D150,0)) -> Japan | J8: =INDEX(B4:B150,MATCH(MAX(D4:D150),D4:D150,0)) -> 3.38 | K8: =INDEX(D4:D150,MATCH(MAX(D4:D150),D4:D150,0)) -> 0.31512393 | M8: Maximum | N8: =INDEX(A4:A150,MATCH(MAX(F4:F150),F4:F150,0)) -> Japan | O8: =INDEX(B4:B150,MATCH(MAX(F4:F150),F4:F150,0)) -> 3.38 | P8: =INDEX(F4:F150,MATCH(MAX(F4:F150),F4:F150,0)) -> 0.19388064
A9: Australia | B9: 3.22 | C9: 0.01 | D9: =Tabella118[[#This Row],[Percentage of Suppliers - Raw]]/$C$151 -> 0.010116338 | E9: 0.0117 | F9: =Tabella118[[#This Row],[Percentage of Supplier''s Facilities - Raw]]/$E$151 -> 0.011814602 | H9: Component - Suppliers | K9: =SUMPRODUCT(B4:B150,D4:D150) -> 3.9433374 | M9: Component - Suppliers' Facilities | P9: =SUMPRODUCT(B4:B150,F4:F150) -> 4.0721256
A10: Austria | B10: 3.41 | C10: 0.0011 | D10: =Tabella118[[#This Row],[Percentage of Suppliers - Raw]]/$C$151 -> 0.0011127972 | E10: 0.0055 | F10: =Tabella118[[#This Row],[Percentage of Supplier''s Facilities - Raw]]/$E$151 -> 0.0055538726
A11: Azerbaijan | B11: 5.21 | C11: 0 | D11: =Tabella118[[#This Row],[Percentage of Suppliers - Raw]]/$C$151 -> 0 | E11: 0 | F11: =Tabella118[[#This Row],[Percentage of Supplier''s Facilities - Raw]]/$E$151 -> 0
A12: Bahrain | B12: 4.26 | C12: 0 | D12: =Tabella118[[#This Row],[Percentage of Suppliers - Raw]]/$C$151 -> 0 | E12: 0 | F12: =Tabella118[[#This Row],[Percentage of Supplier''s Facilities - Raw]]/$E$151 -> 0
A13: Bangladesh | B13: 6.29 | C13: 0 | D13: =Tabella118[[#This Row],[Percentage of Suppliers - Raw]]/$C$151 -> 0 | E13: 0.0005 | F13: =Tabella118[[#This Row],[Percentage of Supplier''s Facilities - Raw]]/$E$151 -> 0.00050489751
A14: Belarus | B14: 5.45 | C14: 0 | D14: =Tabella118[[#This Row],[Percentage of Suppliers - Raw]]/$C$151 -> 0 | E14: 0 | F14: =Tabella118[[#This Row],[Percentage of Supplier''s Facilities - Raw]]/$E$151 -> 0
A15: Belgium | B15: 3.33 | C15: 0.0022 | D15: =Tabella118[[#This Row],[Percentage of Suppliers - Raw]]/$C$151 -> 0.0022255943 | E15: 0.0048 | F15: =Tabella118[[#This Row],[Percentage of Supplier''s Facilities - Raw]]/$E$151 -> 0.0048470161
A16: Benin | B16: 6 | C16: 0 | D16: =Tabella118[[#This Row],[Percentage of Suppliers - Raw]]/$C$151 -> 0 | E16: 0 | F16: =Tabella118[[#This Row],[Percentage of Supplier''s Facilities - Raw]]/$E$151 -> 0
A17: Bhutan | B17: 5.02 | C17: 0 | D17: =Tabella118[[#This Row],[Percentage of Suppliers - Raw]]/$C$151 -> 0 | E17: 0 | F17: =Tabella118[[#This Row],[Percentage of Supplier''s Facilities - Raw]]/$E$151 -> 0
A18: Bolivia | B18: 5.41 | C18: 0 | D18: =Tabella118[[#This Row],[Percentage of Suppliers - Raw]]/$C$151 -> 0 | E18: 0 | F18: =Tabella118[[#This Row],[Percentage of Supplier''s Facilities - Raw]]/$E$151 -> 0
A19: Bosnia and Herzegovina | B19: 5.34 | C19: 0 | D19: =Tabella118[[#This Row],[Percentage of Suppliers - Raw]]/$C$151 -> 0 | E19: 0 | F19: =Tabella118[[#This Row],[Percentage of Supplier''s Facilities - Raw]]/$E$151 -> 0
A20: Botswana | B20: 4.34 | C20: 0 | D20: =Tabella118[[#This Row],[Percentage of Suppliers - Raw]]/$C$151 -> 0 | E20: 0 | F20: =Tabella118[[#This Row],[Percentage of Supplier''s Facilities - Raw]]/$E$151 -> 0
A21: Brazil | B21: 5.35 | C21: 0.0044 | D21: =Tabella118[[#This Row],[Percentage of Suppliers - Raw]]/$C$151 -> 0.0044511887 | E21: 0.0208 | F21: =Tabella118[[#This Row],[Percentage of Supplier''s Facilities - Raw]]/$E$151 -> 0.021003736
... A30: Chile | B30: 4.36 | C30: 0 | D30: =Tabella118[[#This Row],[Percentage of Suppliers - Raw]]/$C$151 -> 0 | E30: 0.0008 | F30: =Tabella118[[#This Row],[Percentage of Supplier''s Facilities - Raw]]/$E$151 -> 0.00080783601
A31: China | B31: 4.26 | C31: =17.69% + 4.23% -> 0.2192 | D31: =Tabella118[[#This Row],[Percentage of Suppliers - Raw]]/$C$151 -> 0.22175013 | E31: 0.1324 | F31: =Tabella118[[#This Row],[Percentage of Supplier''s Facilities - Raw]]/$E$151 -> 0.13369686 | G31: Includes Taiwan
A32: Colombia | B32: 5.72 | C32: 0 | D32: =Tabella118[[#This Row],[Percentage of Suppliers - Raw]]/$C$151 -> 0 | E32: 0.0015 | F32: =Tabella118[[#This Row],[Percentage of Supplier''s Facilities - Raw]]/$E$151 -> 0.0015146925
A33: Congo, Rep. | B33: 5.65 | C33: 0 | D33: =Tabella118[[#This Row],[Percentage of Suppliers - Raw]]/$C$151 -> 0 | E33: 0 | F33: =Tabella118[[#This Row],[Percentage of Supplier''s Facilities - Raw]]/$E$151 -> 0
A34: Costa Rica | B34: 4.23 | C34: 0 | D34: =Tabella118[[#This Row],[Percentage of Suppliers - Raw]]/$C$151 -> 0 | E34: 0.0006 | F34: =Tabella118[[#This Row],[Percentage of Supplier''s Facilities - Raw]]/$E$151 -> 0.00060587701
A35: Cote d'Ivoire | B35: 5.6 | C35: 0 | D35: =Tabella118[[#This Row],[Percentage of Suppliers - Raw]]/$C$151 -> 0 | E35: 0 | F35: =Tabella118[[#This Row],[Percentage of Supplier''s Facilities - Raw]]/$E$151 -> 0
A36: Croatia | B36: 4.28 | C36: 0.0011 | D36: =Tabella118[[#This Row],[Percentage of Suppliers - Raw]]/$C$151 -> 0.0011127972 | E36: 0.0005 | F36: =Tabella118[[#This Row],[Percentage of Supplier''s Facilities - Raw]]/$E$151 -> 0.00050489751
A37: Cyprus | B37: 4.67 | C37: 0 | D37: =Tabella118[[#This Row],[Percentage of Suppliers - Raw]]/$C$151 -> 0 | E37: 0 | F37: =Tabella118[[#This Row],[Percentage of Supplier''s Facilities - Raw]]/$E$151 -> 0
A38: Czech Republic | B38: 3.75 | C38: 0 | D38: =Tabella118[[#This Row],[Percentage of Suppliers - Raw]]/$C$151 -> 0 | E38: 0.0091 | F38: =Tabella118[[#This Row],[Percentage of Supplier''s Facilities - Raw]]/$E$151 -> 0.0091891346
A39: Denmark | B39: 3.2 | C39: 0 | D39: =Tabella118[[#This Row],[Percentage of Suppliers - Raw]]/$C$151 -> 0 | E39: 0.0023 | F39: =Tabella118[[#This Row],[Percentage of Supplier''s Facilities - Raw]]/$E$151 -> 0.0023225285
A40: Djibouti | B40: 5.98 | C40: 0 | D40: =Tabella118[[#This Row],[Percentage of Suppliers - Raw]]/$C$151 -> 0 | E40: 0 | F40: =Tabella118[[#This Row],[Percentage of Supplier''s Facilities - Raw]]/$E$151 -> 0
A41: Dominican Republic | B41: 4.7 | C41: 0 | D41: =Tabella118[[#This Row],[Percentage of Suppliers - Raw]]/$C$151 -> 0 | E41: 0.0005 | F41: =Tabella118[[#This Row],[Percentage of Supplier''s Facilities - Raw]]/$E$151 -> 0.00050489751
A42: Ecuador | B42: 5.71 | C42: 0 | D42: =Tabella118[[#This Row],[Percentage of Suppliers - Raw]]/$C$151 -> 0 | E42: 0.0005 | F42: =Tabella118[[#This Row],[Percentage of Supplier''s Facilities - Raw]]/$E$151 -> 0.00050489751
A43: Egypt | B43: 5.6 | C43: 0 | D43: =Tabella118[[#This Row],[Percentage of Suppliers - Raw]]/$C$151 -> 0 | E43: 0.0008 | F43: =Tabella118[[#This Row],[Percentage of Supplier''s Facilities - Raw]]/$E$151 -> 0.00080783601
... A150: Zimbabwe | B150: 6.14 | C150: 0 | D150: =Tabella118[[#This Row],[Percentage of Suppliers - Raw]]/$C$151 -> 0 | E150: 0 | F150: =Tabella118[[#This Row],[Percentage of Supplier''s Facilities - Raw]]/$E$151 -> 0
A151: TOTAL | B151: #N/A | C151: =SUM(C4:C150) -> 0.9885 | D151: =Tabella118[[#This Row],[Percentage of Suppliers - Raw]]/$C$151 -> 1 | E151: =SUM(E4:E150) -> 0.9903 | F151: =SUM(F4:F150) -> 1

Sheet Country of Suppliers - SAP
A1: SAP
A3: Country of Supplier | B3: Country Geopolitical Risk Index | C3: Percentage of Suppliers - Raw | D3: Percentage of Suppliers - Standardized | E3: Percentage of Supplier's Facilities - Raw | F3: Percentage of Supplier's Facilities - Standardizd
A4: Albania | B4: 4.37 | C4: 0 | D4: =Tabella119[[#This Row],[Percentage of Suppliers - Raw]]/$C$151 -> 0 | E4: 0 | F4: =Tabella119[[#This Row],[Percentage of Supplier''s Facilities - Raw]]/$E$151 -> 0
A5: Algeria | B5: 5.21 | C5: 0 | D5: =Tabella119[[#This Row],[Percentage of Suppliers - Raw]]/$C$151 -> 0 | E5: 0 | F5: =Tabella119[[#This Row],[Percentage of Supplier''s Facilities - Raw]]/$E$151 -> 0 | H5: Main Data | M5: Main Data
A6: Angola | B6: 5.63 | C6: 0 | D6: =Tabella119[[#This Row],[Percentage of Suppliers - Raw]]/$C$151 -> 0 | E6: 0 | F6: =Tabella119[[#This Row],[Percentage of Supplier''s Facilities - Raw]]/$E$151 -> 0 | I6: Country | J6: Geopolitical Risk Index | K6: Value | N6: Country | O6: Geopolitical Risk Index | P6: Value
A7: Argentina | B7: 4.36 | C7: 0 | D7: =Tabella119[[#This Row],[Percentage of Suppliers - Raw]]/$C$151 -> 0 | E7: 0 | F7: =Tabella119[[#This Row],[Percentage of Supplier''s Facilities - Raw]]/$E$151 -> 0 | H7: Minimum | I7: =INDEX(A4:A150,MATCH(MIN(D4:D150),D4:D150,0)) -> Albania | J7: =INDEX(B4:B150,MATCH(MIN(D4:D150),D4:D150,0)) -> 4.37 | K7: =INDEX(D4:D150,MATCH(MIN(D4:D150),D4:D150,0)) -> 0 | M7: Minimum | N7: =INDEX(A4:A150,MATCH(MIN(F4:F150),F4:F150,0)) -> Albania | O7: =INDEX(B4:B150,MATCH(MIN(F4:F150),F4:F150,0)) -> 4.37 | P7: =INDEX(F4:F150,MATCH(MIN(F4:F150),F4:F150,0)) -> 0
A8: Armenia | B8: 4.79 | C8: 0 | D8: =Tabella119[[#This Row],[Percentage of Suppliers - Raw]]/$C$151 -> 0 | E8: 0 | F8: =Tabella119[[#This Row],[Percentage of Supplier''s Facilities - Raw]]/$E$151 -> 0 | H8: Maximum | I8: =INDEX(A4:A150,MATCH(MAX(D4:D150),D4:D150,0)) -> United States | J8: =INDEX(B4:B150,MATCH(MAX(D4:D150),D4:D150,0)) -> 4.19 | K8: =INDEX(D4:D150,MATCH(MAX(D4:D150),D4:D150,0)) -> 0.48315513 | M8: Maximum | N8: =INDEX(A4:A150,MATCH(MAX(F4:F150),F4:F150,0)) -> United States | O8: =INDEX(B4:B150,MATCH(MAX(F4:F150),F4:F150,0)) -> 4.19 | P8: =INDEX(F4:F150,MATCH(MAX(F4:F150),F4:F150,0)) -> 0.39428571
A9: Australia | B9: 3.22 | C9: 0.0168 | D9: =Tabella119[[#This Row],[Percentage of Suppliers - Raw]]/$C$151 -> 0.016945733 | E9: 0.0209 | F9: =Tabella119[[#This Row],[Percentage of Supplier''s Facilities - Raw]]/$E$151 -> 0.020952381 | H9: Component - Suppliers | K9: =SUMPRODUCT(B4:B150,D4:D150) -> 3.9442869 | M9: Component - Suppliers' Facilities | P9: =SUMPRODUCT(B4:B150,F4:F150) -> 3.9114256
A10: Austria | B10: 3.41 | C10: 0.0084 | D10: =Tabella119[[#This Row],[Percentage of Suppliers - Raw]]/$C$151 -> 0.0084728667 | E10: 0.0024 | F10: =Tabella119[[#This Row],[Percentage of Supplier''s Facilities - Raw]]/$E$151 -> 0.002406015
A11: Azerbaijan | B11: 5.21 | C11: 0 | D11: =Tabella119[[#This Row],[Percentage of Suppliers - Raw]]/$C$151 -> 0 | E11: 0 | F11: =Tabella119[[#This Row],[Percentage of Supplier''s Facilities - Raw]]/$E$151 -> 0
A12: Bahrain | B12: 4.26 | C12: 0 | D12: =Tabella119[[#This Row],[Percentage of Suppliers - Raw]]/$C$151 -> 0 | E12: 0 | F12: =Tabella119[[#This Row],[Percentage of Supplier''s Facilities - Raw]]/$E$151 -> 0
A13: Bangladesh | B13: 6.29 | C13: 0 | D13: =Tabella119[[#This Row],[Percentage of Suppliers - Raw]]/$C$151 -> 0 | E13: 0 | F13: =Tabella119[[#This Row],[Percentage of Supplier''s Facilities - Raw]]/$E$151 -> 0
A14: Belarus | B14: 5.45 | C14: 0 | D14: =Tabella119[[#This Row],[Percentage of Suppliers - Raw]]/$C$151 -> 0 | E14: 0 | F14: =Tabella119[[#This Row],[Percentage of Supplier''s Facilities - Raw]]/$E$151 -> 0
A15: Belgium | B15: 3.33 | C15: 0.0084 | D15: =Tabella119[[#This Row],[Percentage of Suppliers - Raw]]/$C$151 -> 0.0084728667 | E15: 0.0012 | F15: =Tabella119[[#This Row],[Percentage of Supplier''s Facilities - Raw]]/$E$151 -> 0.0012030075
A16: Benin | B16: 6 | C16: 0 | D16: =Tabella119[[#This Row],[Percentage of Suppliers - Raw]]/$C$151 -> 0 | E16: 0 | F16: =Tabella119[[#This Row],[Percentage of Supplier''s Facilities - Raw]]/$E$151 -> 0
A17: Bhutan | B17: 5.02 | C17: 0 | D17: =Tabella119[[#This Row],[Percentage of Suppliers - Raw]]/$C$151 -> 0 | E17: 0 | F17: =Tabella119[[#This Row],[Percentage of Supplier''s Facilities - Raw]]/$E$151 -> 0
A18: Bolivia | B18: 5.41 | C18: 0 | D18: =Tabella119[[#This Row],[Percentage of Suppliers - Raw]]/$C$151 -> 0 | E18: 0 | F18: =Tabella119[[#This Row],[Percentage of Supplier''s Facilities - Raw]]/$E$151 -> 0
A19: Bosnia and Herzegovina | B19: 5.34 | C19: 0 | D19: =Tabella119[[#This Row],[Percentage of Suppliers - Raw]]/$C$151 -> 0 | E19: 0 | F19: =Tabella119[[#This Row],[Percentage of Supplier''s Facilities - Raw]]/$E$151 -> 0
A20: Botswana | B20: 4.34 | C20: 0 | D20: =Tabella119[[#This Row],[Percentage of Suppliers - Raw]]/$C$151 -> 0 | E20: 0 | F20: =Tabella119[[#This Row],[Percentage of Supplier''s Facilities - Raw]]/$E$151 -> 0
A21: Brazil | B21: 5.35 | C21: 0 | D21: =Tabella119[[#This Row],[Percentage of Suppliers - Raw]]/$C$151 -> 0 | E21: 0.0095 | F21: =Tabella119[[#This Row],[Percentage of Supplier''s Facilities - Raw]]/$E$151 -> 0.0095238095
... A30: Chile | B30: 4.36 | C30: 0 | D30: =Tabella119[[#This Row],[Percentage of Suppliers - Raw]]/$C$151 -> 0 | E30: 0.0322 | F30: =Tabella119[[#This Row],[Percentage of Supplier''s Facilities - Raw]]/$E$151 -> 0.032280702
A31: China | B31: 4.26 | C31: 0.0252 | D31: =Tabella119[[#This Row],[Percentage of Suppliers - Raw]]/$C$151 -> 0.0254186 | E31: 0.028 | F31: =Tabella119[[#This Row],[Percentage of Supplier''s Facilities - Raw]]/$E$151 -> 0.028070175 | G31: Includes Taiwan
A32: Colombia | B32: 5.72 | C32: 0 | D32: =Tabella119[[#This Row],[Percentage of Suppliers - Raw]]/$C$151 -> 0 | E32: 0 | F32: =Tabella119[[#This Row],[Percentage of Supplier''s Facilities - Raw]]/$E$151 -> 0
A33: Congo, Rep. | B33: 5.65 | C33: 0 | D33: =Tabella119[[#This Row],[Percentage of Suppliers - Raw]]/$C$151 -> 0 | E33: 0 | F33: =Tabella119[[#This Row],[Percentage of Supplier''s Facilities - Raw]]/$E$151 -> 0
A34: Costa Rica | B34: 4.23 | C34: 0 | D34: =Tabella119[[#This Row],[Percentage of Suppliers - Raw]]/$C$151 -> 0 | E34: 0.0018 | F34: =Tabella119[[#This Row],[Percentage of Supplier''s Facilities - Raw]]/$E$151 -> 0.0018045113
A35: Cote d'Ivoire | B35: 5.6 | C35: 0 | D35: =Tabella119[[#This Row],[Percentage of Suppliers - Raw]]/$C$151 -> 0 | E35: 0 | F35: =Tabella119[[#This Row],[Percentage of Supplier''s Facilities - Raw]]/$E$151 -> 0
A36: Croatia | B36: 4.28 | C36: 0 | D36: =Tabella119[[#This Row],[Percentage of Suppliers - Raw]]/$C$151 -> 0 | E36: 0 | F36: =Tabella119[[#This Row],[Percentage of Supplier''s Facilities - Raw]]/$E$151 -> 0
A37: Cyprus | B37: 4.67 | C37: 0 | D37: =Tabella119[[#This Row],[Percentage of Suppliers - Raw]]/$C$151 -> 0 | E37: 0 | F37: =Tabella119[[#This Row],[Percentage of Supplier''s Facilities - Raw]]/$E$151 -> 0
A38: Czech Republic | B38: 3.75 | C38: 0 | D38: =Tabella119[[#This Row],[Percentage of Suppliers - Raw]]/$C$151 -> 0 | E38: 0.003 | F38: =Tabella119[[#This Row],[Percentage of Supplier''s Facilities - Raw]]/$E$151 -> 0.0030075188
A39: Denmark | B39: 3.2 | C39: 0 | D39: =Tabella119[[#This Row],[Percentage of Suppliers - Raw]]/$C$151 -> 0 | E39: 0 | F39: =Tabella119[[#This Row],[Percentage of Supplier''s Facilities - Raw]]/$E$151 -> 0
A40: Djibouti | B40: 5.98 | C40: 0 | D40: =Tabella119[[#This Row],[Percentage of Suppliers - Raw]]/$C$151 -> 0 | E40: 0 | F40: =Tabella119[[#This Row],[Percentage of Supplier''s Facilities - Raw]]/$E$151 -> 0
A41: Dominican Republic | B41: 4.7 | C41: 0 | D41: =Tabella119[[#This Row],[Percentage of Suppliers - Raw]]/$C$151 -> 0 | E41: 0 | F41: =Tabella119[[#This Row],[Percentage of Supplier''s Facilities - Raw]]/$E$151 -> 0
A42: Ecuador | B42: 5.71 | C42: 0 | D42: =Tabella119[[#This Row],[Percentage of Suppliers - Raw]]/$C$151 -> 0 | E42: 0 | F42: =Tabella119[[#This Row],[Percentage of Supplier''s Facilities - Raw]]/$E$151 -> 0
A43: Egypt | B43: 5.6 | C43: 0 | D43: =Tabella119[[#This Row],[Percentage of Suppliers - Raw]]/$C$151 -> 0 | E43: 0.0018 | F43: =Tabella119[[#This Row],[Percentage of Supplier''s Facilities - Raw]]/$E$151 -> 0.0018045113
... A150: Zimbabwe | B150: 6.14 | C150: 0 | D150: =Tabella119[[#This Row],[Percentage of Suppliers - Raw]]/$C$151 -> 0 | E150: 0 | F150: =Tabella119[[#This Row],[Percentage of Supplier''s Facilities - Raw]]/$E$151 -> 0
A151: TOTAL | B151: #N/A | C151: =SUM(C4:C150) -> 0.9914 | D151: =Tabella119[[#This Row],[Percentage of Suppliers - Raw]]/$C$151 -> 1 | E151: =SUM(E4:E150) -> 0.9975 | F151: =SUM(F4:F150) -> 1

Sheet Country of Suppliers - Nordisk
A1: Novo Nordisk
A3: Country of Supplier | B3: Country Geopolitical Risk Index | C3: Percentage of Suppliers - Raw | D3: Percentage of Suppliers - Standardized | E3: Percentage of Supplier's Facilities - Raw | F3: Percentage of Supplier's Facilities - Standardizd
A4: Albania | B4: 4.37 | C4: 0 | D4: =Tabella120[[#This Row],[Percentage of Suppliers - Raw]]/$C$151 -> 0 | E4: 0 | F4: =Tabella120[[#This Row],[Percentage of Supplier''s Facilities - Raw]]/$E$151 -> 0
A5: Algeria | B5: 5.21 | C5: 0 | D5: =Tabella120[[#This Row],[Percentage of Suppliers - Raw]]/$C$151 -> 0 | E5: 0 | F5: =Tabella120[[#This Row],[Percentage of Supplier''s Facilities - Raw]]/$E$151 -> 0 | H5: Main Data | M5: Main Data
A6: Angola | B6: 5.63 | C6: 0 | D6: =Tabella120[[#This Row],[Percentage of Suppliers - Raw]]/$C$151 -> 0 | E6: 0 | F6: =Tabella120[[#This Row],[Percentage of Supplier''s Facilities - Raw]]/$E$151 -> 0 | I6: Country | J6: Geopolitical Risk Index | K6: Value | N6: Country | O6: Geopolitical Risk Index | P6: Value
A7: Argentina | B7: 4.36 | C7: 0 | D7: =Tabella120[[#This Row],[Percentage of Suppliers - Raw]]/$C$151 -> 0 | E7: 0.0065 | F7: =Tabella120[[#This Row],[Percentage of Supplier''s Facilities - Raw]]/$E$151 -> 0.007027027 | H7: Minimum | I7: =INDEX(A4:A150,MATCH(MIN(D4:D150),D4:D150,0)) -> Albania | J7: =INDEX(B4:B150,MATCH(MIN(D4:D150),D4:D150,0)) -> 4.37 | K7: =INDEX(D4:D150,MATCH(MIN(D4:D150),D4:D150,0)) -> 0 | M7: Minimum | N7: =INDEX(A4:A150,MATCH(MIN(F4:F150),F4:F150,0)) -> Albania | O7: =INDEX(B4:B150,MATCH(MIN(F4:F150),F4:F150,0)) -> 4.37 | P7: =INDEX(F4:F150,MATCH(MIN(F4:F150),F4:F150,0)) -> 0
A8: Armenia | B8: 4.79 | C8: 0 | D8: =Tabella120[[#This Row],[Percentage of Suppliers - Raw]]/$C$151 -> 0 | E8: 0 | F8: =Tabella120[[#This Row],[Percentage of Supplier''s Facilities - Raw]]/$E$151 -> 0 | H8: Maximum | I8: =INDEX(A4:A150,MATCH(MAX(D4:D150),D4:D150,0)) -> United States | J8: =INDEX(B4:B150,MATCH(MAX(D4:D150),D4:D150,0)) -> 4.19 | K8: =INDEX(D4:D150,MATCH(MAX(D4:D150),D4:D150,0)) -> 0.42526854 | M8: Maximum | N8: =INDEX(A4:A150,MATCH(MAX(F4:F150),F4:F150,0)) -> United States | O8: =INDEX(B4:B150,MATCH(MAX(F4:F150),F4:F150,0)) -> 4.19 | P8: =INDEX(F4:F150,MATCH(MAX(F4:F150),F4:F150,0)) -> 0.19102703
A9: Australia | B9: 3.22 | C9: 0 | D9: =Tabella120[[#This Row],[Percentage of Suppliers - Raw]]/$C$151 -> 0 | E9: 0.0118 | F9: =Tabella120[[#This Row],[Percentage of Supplier''s Facilities - Raw]]/$E$151 -> 0.012756757 | H9: Component - Suppliers | K9: =SUMPRODUCT(B4:B150,D4:D150) -> 3.7931161 | M9: Component - Suppliers' Facilities | P9: =SUMPRODUCT(B4:B150,F4:F150) -> 4.0044573
A10: Austria | B10: 3.41 | C10: 0 | D10: =Tabella120[[#This Row],[Percentage of Suppliers - Raw]]/$C$151 -> 0 | E10: 0.0078 | F10: =Tabella120[[#This Row],[Percentage of Supplier''s Facilities - Raw]]/$E$151 -> 0.0084324324
A11: Azerbaijan | B11: 5.21 | C11: 0 | D11: =Tabella120[[#This Row],[Percentage of Suppliers - Raw]]/$C$151 -> 0 | E11: 0 | F11: =Tabella120[[#This Row],[Percentage of Supplier''s Facilities - Raw]]/$E$151 -> 0
A12: Bahrain | B12: 4.26 | C12: 0 | D12: =Tabella120[[#This Row],[Percentage of Suppliers - Raw]]/$C$151 -> 0 | E12: 0 | F12: =Tabella120[[#This Row],[Percentage of Supplier''s Facilities - Raw]]/$E$151 -> 0
A13: Bangladesh | B13: 6.29 | C13: 0 | D13: =Tabella120[[#This Row],[Percentage of Suppliers - Raw]]/$C$151 -> 0 | E13: 0 | F13: =Tabella120[[#This Row],[Percentage of Supplier''s Facilities - Raw]]/$E$151 -> 0
A14: Belarus | B14: 5.45 | C14: 0 | D14: =Tabella120[[#This Row],[Percentage of Suppliers - Raw]]/$C$151 -> 0 | E14: 0 | F14: =Tabella120[[#This Row],[Percentage of Supplier''s Facilities - Raw]]/$E$151 -> 0
A15: Belgium | B15: 3.33 | C15: 0 | D15: =Tabella120[[#This Row],[Percentage of Suppliers - Raw]]/$C$151 -> 0 | E15: 0.0118 | F15: =Tabella120[[#This Row],[Percentage of Supplier''s Facilities - Raw]]/$E$151 -> 0.012756757
A16: Benin | B16: 6 | C16: 0 | D16: =Tabella120[[#This Row],[Percentage of Suppliers - Raw]]/$C$151 -> 0 | E16: 0 | F16: =Tabella120[[#This Row],[Percentage of Supplier''s Facilities - Raw]]/$E$151 -> 0
A17: Bhutan | B17: 5.02 | C17: 0 | D17: =Tabella120[[#This Row],[Percentage of Suppliers - Raw]]/$C$151 -> 0 | E17: 0 | F17: =Tabella120[[#This Row],[Percentage of Supplier''s Facilities - Raw]]/$E$151 -> 0
A18: Bolivia | B18: 5.41 | C18: 0 | D18: =Tabella120[[#This Row],[Percentage of Suppliers - Raw]]/$C$151 -> 0 | E18: 0 | F18: =Tabella120[[#This Row],[Percentage of Supplier''s Facilities - Raw]]/$E$151 -> 0
A19: Bosnia and Herzegovina | B19: 5.34 | C19: 0 | D19: =Tabella120[[#This Row],[Percentage of Suppliers - Raw]]/$C$151 -> 0 | E19: 0 | F19: =Tabella120[[#This Row],[Percentage of Supplier''s Facilities - Raw]]/$E$151 -> 0
A20: Botswana | B20: 4.34 | C20: 0 | D20: =Tabella120[[#This Row],[Percentage of Suppliers - Raw]]/$C$151 -> 0 | E20: 0 | F20: =Tabella120[[#This Row],[Percentage of Supplier''s Facilities - Raw]]/$E$151 -> 0
A21: Brazil | B21: 5.35 | C21: 0 | D21: =Tabella120[[#This Row],[Percentage of Suppliers - Raw]]/$C$151 -> 0 | E21: 0.0205 | F21: =Tabella120[[#This Row],[Percentage of Supplier''s Facilities - Raw]]/$E$151 -> 0.022162162
... A30: Chile | B30: 4.36 | C30: 0 | D30: =Tabella120[[#This Row],[Percentage of Suppliers - Raw]]/$C$151 -> 0 | E30: 0.0055 | F30: =Tabella120[[#This Row],[Percentage of Supplier''s Facilities - Raw]]/$E$151 -> 0.0059459459
A31: China | B31: 4.26 | C31: =5.62% + 1.12% -> 0.0674 | D31: =Tabella120[[#This Row],[Percentage of Suppliers - Raw]]/$C$151 -> 0.068951407 | E31: 0.0733 | F31: =Tabella120[[#This Row],[Percentage of Supplier''s Facilities - Raw]]/$E$151 -> 0.079243243 | G31: Includes Taiwan
A32: Colombia | B32: 5.72 | C32: 0 | D32: =Tabella120[[#This Row],[Percentage of Suppliers - Raw]]/$C$151 -> 0 | E32: 0.0042 | F32: =Tabella120[[#This Row],[Percentage of Supplier''s Facilities - Raw]]/$E$151 -> 0.0045405405
A33: Congo, Rep. | B33: 5.65 | C33: 0 | D33: =Tabella120[[#This Row],[Percentage of Suppliers - Raw]]/$C$151 -> 0 | E33: 0 | F33: =Tabella120[[#This Row],[Percentage of Supplier''s Facilities - Raw]]/$E$151 -> 0
A34: Costa Rica | B34: 4.23 | C34: 0 | D34: =Tabella120[[#This Row],[Percentage of Suppliers - Raw]]/$C$151 -> 0 | E34: 0 | F34: =Tabella120[[#This Row],[Percentage of Supplier''s Facilities - Raw]]/$E$151 -> 0
A35: Cote d'Ivoire | B35: 5.6 | C35: 0 | D35: =Tabella120[[#This Row],[Percentage of Suppliers - Raw]]/$C$151 -> 0 | E35: 0 | F35: =Tabella120[[#This Row],[Percentage of Supplier''s Facilities - Raw]]/$E$151 -> 0
A36: Croatia | B36: 4.28 | C36: 0 | D36: =Tabella120[[#This Row],[Percentage of Suppliers - Raw]]/$C$151 -> 0 | E36: 0 | F36: =Tabella120[[#This Row],[Percentage of Supplier''s Facilities - Raw]]/$E$151 -> 0
A37: Cyprus | B37: 4.67 | C37: 0 | D37: =Tabella120[[#This Row],[Percentage of Suppliers - Raw]]/$C$151 -> 0 | E37: 0 | F37: =Tabella120[[#This Row],[Percentage of Supplier''s Facilities - Raw]]/$E$151 -> 0
A38: Czech Republic | B38: 3.75 | C38: 0 | D38: =Tabella120[[#This Row],[Percentage of Suppliers - Raw]]/$C$151 -> 0 | E38: 0.0093 | F38: =Tabella120[[#This Row],[Percentage of Supplier''s Facilities - Raw]]/$E$151 -> 0.010054054
A39: Denmark | B39: 3.2 | C39: 0.1124 | D39: =Tabella120[[#This Row],[Percentage of Suppliers - Raw]]/$C$151 -> 0.11498721 | E39: 0.0068 | F39: =Tabella120[[#This Row],[Percentage of Supplier''s Facilities - Raw]]/$E$151 -> 0.0073513514
A40: Djibouti | B40: 5.98 | C40: 0 | D40: =Tabella120[[#This Row],[Percentage of Suppliers - Raw]]/$C$151 -> 0 | E40: 0 | F40: =Tabella120[[#This Row],[Percentage of Supplier''s Facilities - Raw]]/$E$151 -> 0
A41: Dominican Republic | B41: 4.7 | C41: 0 | D41: =Tabella120[[#This Row],[Percentage of Suppliers - Raw]]/$C$151 -> 0 | E41: 0 | F41: =Tabella120[[#This Row],[Percentage of Supplier''s Facilities - Raw]]/$E$151 -> 0
A42: Ecuador | B42: 5.71 | C42: 0 | D42: =Tabella120[[#This Row],[Percentage of Suppliers - Raw]]/$C$151 -> 0 | E42: 0 | F42: =Tabella120[[#This Row],[Percentage of Supplier''s Facilities - Raw]]/$E$151 -> 0
A43: Egypt | B43: 5.6 | C43: 0 | D43: =Tabella120[[#This Row],[Percentage of Suppliers - Raw]]/$C$151 -> 0 | E43: 0.0023 | F43: =Tabella120[[#This Row],[Percentage of Supplier''s Facilities - Raw]]/$E$151 -> 0.0024864865
... A150: Zimbabwe | B150: 6.14 | C150: 0 | D150: =Tabella120[[#This Row],[Percentage of Suppliers - Raw]]/$C$151 -> 0 | E150: 0 | F150: =Tabella120[[#This Row],[Percentage of Supplier''s Facilities - Raw]]/$E$151 -> 0
A151: TOTAL | B151: #N/A | C151: =SUM(C4:C150) -> 0.9775 | D151: =Tabella120[[#This Row],[Percentage of Suppliers - Raw]]/$C$151 -> 1 | E151: =SUM(E4:E150) -> 0.925 | F151: =SUM(F4:F150) -> 1

Sheet Country of Suppliers - LVMH
A1: LVMH
A3: Country of Supplier | B3: Country Geopolitical Risk Index | C3: Percentage of Suppliers - Raw | D3: Percentage of Suppliers - Standardized | E3: Percentage of Supplier's Facilities - Raw | F3: Percentage of Supplier's Facilities - Standardizd
A4: Albania | B4: 4.37 | C4: 0 | D4: =Tabella121[[#This Row],[Percentage of Suppliers - Raw]]/$C$151 -> 0 | E4: 0 | F4: =Tabella121[[#This Row],[Percentage of Supplier''s Facilities - Raw]]/$E$151 -> 0
A5: Algeria | B5: 5.21 | C5: 0 | D5: =Tabella121[[#This Row],[Percentage of Suppliers - Raw]]/$C$151 -> 0 | E5: 0 | F5: =Tabella121[[#This Row],[Percentage of Supplier''s Facilities - Raw]]/$E$151 -> 0 | H5: Main Data | M5: Main Data
A6: Angola | B6: 5.63 | C6: 0 | D6: =Tabella121[[#This Row],[Percentage of Suppliers - Raw]]/$C$151 -> 0 | E6: 0.0007 | F6: =Tabella121[[#This Row],[Percentage of Supplier''s Facilities - Raw]]/$E$151 -> 0.00070457977 | I6: Country | J6: Geopolitical Risk Index | K6: Value | N6: Country | O6: Geopolitical Risk Index | P6: Value
A7: Argentina | B7: 4.36 | C7: 0 | D7: =Tabella121[[#This Row],[Percentage of Suppliers - Raw]]/$C$151 -> 0 | E7: 0.007 | F7: =Tabella121[[#This Row],[Percentage of Supplier''s Facilities - Raw]]/$E$151 -> 0.0070457977 | H7: Minimum | I7: =INDEX(A4:A150,MATCH(MIN(D4:D150),D4:D150,0)) -> Albania | J7: =INDEX(B4:B150,MATCH(MIN(D4:D150),D4:D150,0)) -> 4.37 | K7: =INDEX(D4:D150,MATCH(MIN(D4:D150),D4:D150,0)) -> 0 | M7: Minimum | N7: =INDEX(A4:A150,MATCH(MIN(F4:F150),F4:F150,0)) -> Albania | O7: =INDEX(B4:B150,MATCH(MIN(F4:F150),F4:F150,0)) -> 4.37 | P7: =INDEX(F4:F150,MATCH(MIN(F4:F150),F4:F150,0)) -> 0
